Tag_Name,website_rating,genre,Action,Adventure,Casual,Design_And_Illustration,Early_Access,Free_to_Play,Indie,Massively_Multiplayer,RPG,Racing,Simulation,Sports,Strategy,Utilities
60 Seconds!,70,"Adventure,Casual,Indie,Simulation,Strategy",0,1,1,0,0,0,1,0,0,0,1,0,1,0
7 Wonders II,60,Casual,0,0,1,0,0,0,0,0,0,0,0,0,0,0
7 Wonders of the Ancient World,30,"Casual,Strategy",0,0,1,0,0,0,0,0,0,0,0,0,1,0
80 Days,50,"Adventure,Indie,Strategy",0,1,0,0,0,0,1,0,0,0,0,0,1,0
A Bird Story,75,"Adventure,Indie,RPG",0,1,0,0,0,0,1,0,1,0,0,0,0,0
A Game of Dwarves,40,"Strategy,Casual",0,0,1,0,0,0,0,0,0,0,0,0,1,0
A Story About My Uncle,70,"Adventure,Casual,Indie",0,1,1,0,0,0,1,0,0,0,0,0,0,0
A Walk in the Dark,80,"Action,Indie",1,0,0,0,0,0,1,0,0,0,0,0,0,0
A-Train 8,20,Simulation,0,0,0,0,0,0,0,0,0,0,1,0,0,0
Aarklash: Legacy,70,"Adventure,Strategy",0,1,0,0,0,0,0,0,0,0,0,0,1,0
Absolute Drift,65,"Action,Indie,Racing,Simulation,Sports",1,0,0,0,0,0,1,0,0,1,1,1,0,0
Act of War: Direct Action,80,Action,1,0,0,0,0,0,0,0,0,0,0,0,0,0
Act of War: High Treason,75,Action,1,0,0,0,0,0,0,0,0,0,0,0,0,0
Actual Sunlight,50,"Adventure,Indie",0,1,0,0,0,0,1,0,0,0,0,0,0,0
AdVenture Capitalist,70,"Casual,Free to Play,Indie",0,0,1,0,0,1,1,0,0,0,0,0,0,0
Age of Enigma: The Secret of the Sixth Ghost,40,Adventure,0,1,0,0,0,0,0,0,0,0,0,0,0,0
Age of Wonders,70,"RPG,Strategy",0,0,0,0,0,0,0,0,1,0,0,0,1,0
Age of Wonders II: The Wizard's Throne,80,"RPG,Strategy",0,0,0,0,0,0,0,0,1,0,0,0,1,0
Age of Wonders III,85,"RPG,Strategy",0,0,0,0,0,0,0,0,1,0,0,0,1,0
Air Conflicts: Pacific Carriers,65,"Action,Simulation",1,0,0,0,0,0,0,0,0,0,1,0,0,0
Air Conflicts: Secret Wars,60,"Action,Simulation",1,0,0,0,0,0,0,0,0,0,1,0,0,0
Akaneiro: Demon Hunters,65,"Action,Free to Play,Indie,RPG",1,0,0,0,0,1,1,0,1,0,0,0,0,0
Alan Wake,85,"Action,Adventure",1,1,0,0,0,0,0,0,0,0,0,0,0,0
Alien: Isolation,80,Action,1,0,0,0,0,0,0,0,0,0,0,0,0,0
Alien Breed 2: Assault,60,Action,1,0,0,0,0,0,0,0,0,0,0,0,0,0
Alien Breed 3: Descent,60,Action,1,0,0,0,0,0,0,0,0,0,0,0,0,0
Alien Swarm,75,Action,1,0,0,0,0,0,0,0,0,0,0,0,0,0
Allods Online,75,"Free to Play,Massively Multiplayer,RPG",0,0,0,0,0,1,0,1,1,0,0,0,0,0
Alone in the Dark: The New Nightmare,80,"Action,Adventure",1,1,0,0,0,0,0,0,0,0,0,0,0,0
Alpha Prime,45,Action,1,0,0,0,0,0,0,0,0,0,0,0,0,0
American Conquest,85,Strategy,0,0,0,0,0,0,0,0,0,0,0,0,1,0
American Conquest: Fight Back,80,Strategy,0,0,0,0,0,0,0,0,0,0,0,0,1,0
American Truck Simulator,75,"Indie,Simulation",0,0,0,0,0,0,1,0,0,0,1,0,0,0
Amnesia: A Machine for Pigs,65,"Action,Adventure,Indie",1,1,0,0,0,0,1,0,0,0,0,0,0,0
Amnesia: The Dark Descent,75,"Action,Adventure,Indie",1,1,0,0,0,0,1,0,0,0,0,0,0,0
Anachronox,70,RPG,0,0,0,0,0,0,0,0,1,0,0,0,0,0
And Yet It Moves,80,"Action,Indie",1,0,0,0,0,0,1,0,0,0,0,0,0,0
Anodyne,75,"Action,Adventure,Indie",1,1,0,0,0,0,1,0,0,0,0,0,0,0
Antichamber,90,"Adventure,Indie",0,1,0,0,0,0,1,0,0,0,0,0,0,0
Apotheon,70,"Action,Adventure,Indie,RPG",1,1,0,0,0,0,1,0,1,0,0,0,0,0
AquaNox,75,Action,1,0,0,0,0,0,0,0,0,0,0,0,0,0
Aquaria,85,Indie,0,0,0,0,0,0,1,0,0,0,0,0,0,0
Archangel,45,RPG,0,0,0,0,0,0,0,0,1,0,0,0,0,0
Arizona Sunshine,80,"Action,Adventure,Indie",1,1,0,0,0,0,1,0,0,0,0,0,0,0
Artifact,75,Strategy,0,0,0,0,0,0,0,0,0,0,0,0,1,0
Arx Fatalis,95,RPG,0,0,0,0,0,0,0,0,1,0,0,0,0,0
ASA: A Space Adventure - Remastered Edition,75,"Adventure,Indie",0,1,0,0,0,0,1,0,0,0,0,0,0,0
Assetto Corsa,85,"Indie,Racing,Simulation,Sports",0,0,0,0,0,0,1,0,0,1,1,1,0,0
Atlas Reactor,75,"Free to Play,Strategy",0,0,0,0,0,1,0,0,0,0,0,0,1,0
Aura: Fate of the Ages,70,Adventure,0,1,0,0,0,0,0,0,0,0,0,0,0,0
Avencast: Rise of the Mage,65,"Action,Indie,RPG",1,0,0,0,0,0,1,0,1,0,0,0,0,0
Aztaka,60,"Action,RPG,Indie",1,0,0,0,0,0,1,0,1,0,0,0,0,0
Bad Day,20,"Action,Casual",1,0,1,0,0,0,0,0,0,0,0,0,0,0
Baldur's Gate: Enhanced Edition,60,"RPG,Strategy",0,0,0,0,0,0,0,0,1,0,0,0,1,0
Bang Bang Racing,75,Racing,0,0,0,0,0,0,0,0,0,1,0,0,0,0
Banished,75,"Indie,Simulation,Strategy",0,0,0,0,0,0,1,0,0,0,1,0,1,0
Baron Wittard: Nemesis of Ragnarok,60,"Adventure,Indie",0,1,0,0,0,0,1,0,0,0,0,0,0,0
Barrow Hill: Curse of the Ancient Circle,65,"Adventure,Indie",0,1,0,0,0,0,1,0,0,0,0,0,0,0
Basement,80,"Indie,Simulation,Strategy,Early Access",0,0,0,0,1,0,1,0,0,0,1,0,1,0
Bastion,80,"Action,Indie,RPG",1,0,0,0,0,0,1,0,1,0,0,0,0,0
Battle Mages,55,"RPG,Strategy",0,0,0,0,0,0,0,0,1,0,0,0,1,0
Battlefleet Gothic: Armada,70,Strategy,0,0,0,0,0,0,0,0,0,0,0,0,1,0
Battlerite,80,"Action,Free to Play",1,0,0,0,0,1,0,0,0,0,0,0,0,0
Bayonetta,95,"Action,Adventure",1,1,0,0,0,0,0,0,0,0,0,0,0,0
Beat Saber,85,Indie,0,0,0,0,0,0,1,0,0,0,0,0,0,0
Betrayer,65,"Action,Adventure,Indie",1,1,0,0,0,0,1,0,0,0,0,0,0,0
Big Pharma,65,"Indie,Simulation,Strategy",0,0,0,0,0,0,1,0,0,0,1,0,1,0
Binary Domain,75,Action,1,0,0,0,0,0,0,0,0,0,0,0,0,0
Bionic Commando,70,"Action,Adventure",1,1,0,0,0,0,0,0,0,0,0,0,0,0
BioShock Infinite,95,Action,1,0,0,0,0,0,0,0,0,0,0,0,0,0
BioShock Infinite: Clash in the Clouds,60,Action,1,0,0,0,0,0,0,0,0,0,0,0,0,0
Black Desert Online,75,"Action,Adventure,Massively Multiplayer,RPG,Simulation,Strategy",1,1,0,0,0,0,0,1,1,0,1,0,1,0
Blackguards,70,"Indie,RPG,Strategy",0,0,0,0,0,0,1,0,1,0,0,0,1,0
Blackwell Unbound,70,"Adventure,Indie",0,1,0,0,0,0,1,0,0,0,0,0,0,0
Blade Kitten,45,"Action,Adventure",1,1,0,0,0,0,0,0,0,0,0,0,0,0
BlazBlue: Calamity Trigger,90,Action,1,0,0,0,0,0,0,0,0,0,0,0,0,0
Bleed,80,"Action,Indie",1,0,0,0,0,0,1,0,0,0,0,0,0,0
Blocks That Matter,90,"Casual,Indie",0,0,1,0,0,0,1,0,0,0,0,0,0,0
Blood Bowl: Chaos Edition,80,"Sports,Strategy",0,0,0,0,0,0,0,0,0,0,0,1,1,0
BloodRayne,70,Action,1,0,0,0,0,0,0,0,0,0,0,0,0,0
BloodRayne 2,70,Action,1,0,0,0,0,0,0,0,0,0,0,0,0,0
Bloody Good Time,50,Action,1,0,0,0,0,0,0,0,0,0,0,0,0,0
Blueberry Garden,75,"Adventure,Indie",0,1,0,0,0,0,1,0,0,0,0,0,0,0
Borderlands: The Secret Armory of General Knoxx,85,"Action,RPG",1,0,0,0,0,0,0,0,1,0,0,0,0,0
Borderlands 2,90,"Action,RPG",1,0,0,0,0,0,0,0,1,0,0,0,0,0
Borderlands 2: Tiny Tina's Assault on Dragon Keep,85,"Action,RPG",1,0,0,0,0,0,0,0,1,0,0,0,0,0
Boson X,75,"Action,Indie",1,0,0,0,0,0,1,0,0,0,0,0,0,0
Botanicula,85,"Adventure,Casual,Indie",0,1,1,0,0,0,1,0,0,0,0,0,0,0
Braid,75,"Casual,Indie,Strategy",0,0,1,0,0,0,1,0,0,0,0,0,1,0
Bridge Constructor,60,"Casual,Indie,Simulation",0,0,1,0,0,0,1,0,0,0,1,0,0,0
Bring to Light,45,"Adventure,Indie",0,1,0,0,0,0,1,0,0,0,0,0,0,0
Broforce,85,"Action,Adventure,Casual,Indie",1,1,1,0,0,0,1,0,0,0,0,0,0,0
Budget Cuts,70,"Action,Adventure,Indie",1,1,0,0,0,0,1,0,0,0,0,0,0,0
Bully: Scholarship Edition,80,"Action,Adventure",1,1,0,0,0,0,0,0,0,0,0,0,0,0
Bus Driver Simulator 2019,20,"Indie,Racing,Simulation,Early Access",0,0,0,0,1,0,1,0,0,1,1,0,0,0
Call of Duty: United Offensive,70,Action,1,0,0,0,0,0,0,0,0,0,0,0,0,0
Call of Duty: World at War,70,Action,1,0,0,0,0,0,0,0,0,0,0,0,0,0
Call to Power II,80,Strategy,0,0,0,0,0,0,0,0,0,0,0,0,1,0
Candleman: The Complete Journey,70,"Action,Adventure,Indie,RPG",1,1,0,0,0,0,1,0,1,0,0,0,0,0
Capsized,75,"Action,Indie",1,0,0,0,0,0,1,0,0,0,0,0,0,0
Cargo Commander,70,"Action,Indie",1,0,0,0,0,0,1,0,0,0,0,0,0,0
Cargo 3,50,"Action,Indie",1,0,0,0,0,0,1,0,0,0,0,0,0,0
Carmageddon 2: Carpocalypse Now,75,"Action,Indie,Racing",1,0,0,0,0,0,1,0,0,1,0,0,0,0
Casino Inc.,65,"Simulation,Strategy",0,0,0,0,0,0,0,0,0,0,1,0,1,0
Castlevania: Lords of Shadow 2,80,"Action,Adventure",1,1,0,0,0,0,0,0,0,0,0,0,0,0
Nemesis of the Roman Empire,65,Strategy,0,0,0,0,0,0,0,0,0,0,0,0,1,0
Ceville,80,"Action,Adventure,Strategy",1,1,0,0,0,0,0,0,0,0,0,0,1,0
Chainz 2: Relinked,15,Casual,0,0,1,0,0,0,0,0,0,0,0,0,0,0
Champions Online,85,"Free to Play,Massively Multiplayer,RPG",0,0,0,0,0,1,0,1,1,0,0,0,0,0
Chaos on Deponia,75,"Adventure,Indie",0,1,0,0,0,0,1,0,0,0,0,0,0,0
Chaser,65,Action,1,0,0,0,0,0,0,0,0,0,0,0,0,0
Child of Light,90,RPG,0,0,0,0,0,0,0,0,1,0,0,0,0,0
Chivalry: Medieval Warfare,80,"Action,Indie",1,0,0,0,0,0,1,0,0,0,0,0,0,0
Chronicles of Mystery: The Scorpio Ritual,60,Adventure,0,1,0,0,0,0,0,0,0,0,0,0,0,0
Black Moon Chronicles,75,Strategy,0,0,0,0,0,0,0,0,0,0,0,0,1,0
Chuzzle Deluxe,50,Casual,0,0,1,0,0,0,0,0,0,0,0,0,0,0
Cities in Motion,75,Simulation,0,0,0,0,0,0,0,0,0,0,1,0,0,0
Cities in Motion 2,65,"Simulation,Strategy",0,0,0,0,0,0,0,0,0,0,1,0,1,0
Cities XXL,50,Simulation,0,0,0,0,0,0,0,0,0,0,1,0,0,0
CivCity: Rome,65,Strategy,0,0,0,0,0,0,0,0,0,0,0,0,1,0
Sid Meier's Civilization: Beyond Earth - Rising Tide,75,Strategy,0,0,0,0,0,0,0,0,0,0,0,0,1,0
Sid Meier's Civilization IV: Colonization,70,Strategy,0,0,0,0,0,0,0,0,0,0,0,0,1,0
Sid Meier's Civilization V: Brave New World,85,Strategy,0,0,0,0,0,0,0,0,0,0,0,0,1,0
Sid Meier's Civilization V: Gods and Kings,85,Strategy,0,0,0,0,0,0,0,0,0,0,0,0,1,0
Clicker Heroes,55,"Adventure,Casual,Free to Play,Indie,RPG,Simulation,Strategy",0,1,1,0,0,1,1,0,1,0,1,0,1,0
Codename: Panzers - Cold War,65,"Simulation,Strategy",0,0,0,0,0,0,0,0,0,0,1,0,1,0
Cogs,75,"Indie,Casual",0,0,1,0,0,0,1,0,0,0,0,0,0,0
Cold War,50,Action,1,0,0,0,0,0,0,0,0,0,0,0,0,0
Comanche 4,75,"Action,Simulation",1,0,0,0,0,0,0,0,0,0,1,0,0,0
Command & Conquer: Red Alert 3,85,Strategy,0,0,0,0,0,0,0,0,0,0,0,0,1,0
Command & Conquer 3: Kane's Wrath,70,Strategy,0,0,0,0,0,0,0,0,0,0,0,0,1,0
Command & Conquer 3: Tiberium Wars,80,Strategy,0,0,0,0,0,0,0,0,0,0,0,0,1,0
Command & Conquer 4: Tiberian Twilight,65,Strategy,0,0,0,0,0,0,0,0,0,0,0,0,1,0
Commandos: Behind Enemy Lines,85,Action,1,0,0,0,0,0,0,0,0,0,0,0,0,0
Commandos 3: Destination Berlin,85,Action,1,0,0,0,0,0,0,0,0,0,0,0,0,0
Company of Heroes,90,"Action,Strategy",1,0,0,0,0,0,0,0,0,0,0,0,1,0
Company of Heroes 2,85,Strategy,0,0,0,0,0,0,0,0,0,0,0,0,1,0
Conarium,70,"Adventure,Indie",0,1,0,0,0,0,1,0,0,0,0,0,0,0
Conflict: Denied Ops,55,Action,1,0,0,0,0,0,0,0,0,0,0,0,0,0
Conquest: Frontier Wars,80,Strategy,0,0,0,0,0,0,0,0,0,0,0,0,1,0
Construction Simulator 2015,55,"Casual,Simulation",0,0,1,0,0,0,0,0,0,0,1,0,0,0
Continent of the Ninth Seal,75,"Action,Free to Play,Massively Multiplayer,RPG",1,0,0,0,0,1,0,1,1,0,0,0,0,0
Contrast,75,"Adventure,Indie",0,1,0,0,0,0,1,0,0,0,0,0,0,0
Cossacks: Back to War,80,Strategy,0,0,0,0,0,0,0,0,0,0,0,0,1,0
Cossacks: European Wars,75,Strategy,0,0,0,0,0,0,0,0,0,0,0,0,1,0
Cossacks II: Battle for Europe,80,Strategy,0,0,0,0,0,0,0,0,0,0,0,0,1,0
Cossacks II: Napoleonic Wars,80,Strategy,0,0,0,0,0,0,0,0,0,0,0,0,1,0
Costume Quest,70,"Adventure,Casual,RPG",0,1,1,0,0,0,0,0,1,0,0,0,0,0
Counter-Strike: Global Offensive,85,"Action,Free to Play",1,0,0,0,0,1,0,0,0,0,0,0,0,0
Counter-Strike: Global Offensive,75,"Action,Free to Play",1,0,0,0,0,1,0,0,0,0,0,0,0,0
Counter-Strike: Source,90,Action,1,0,0,0,0,0,0,0,0,0,0,0,0,0
Cradle,75,"Adventure,Indie",0,1,0,0,0,0,1,0,0,0,0,0,0,0
Crayon Physics Deluxe,80,"Casual,Indie",0,0,1,0,0,0,1,0,0,0,0,0,0,0
Crazy Taxi,70,"Action,Racing",1,0,0,0,0,0,0,0,0,1,0,0,0,0
Crusader Kings II,90,"RPG,Simulation,Strategy",0,0,0,0,0,0,0,0,1,0,1,0,1,0
Cry of Fear,85,"Action,Adventure,Indie",1,1,0,0,0,0,1,0,0,0,0,0,0,0
Crypt of the NecroDancer,80,"Action,Indie,RPG",1,0,0,0,0,0,1,0,1,0,0,0,0,0
Crysis,90,Action,1,0,0,0,0,0,0,0,0,0,0,0,0,0
Cthulhu Saves the World,80,"Indie,RPG",0,0,0,0,0,0,1,0,1,0,0,0,0,0
Culpa Innata,65,"RPG,Casual,Adventure",0,1,1,0,0,0,0,0,1,0,0,0,0,0
Curse: The Eye of Isis,65,Adventure,0,1,0,0,0,0,0,0,0,0,0,0,0,0
Cyberia 2: Resurrection,70,"Action,Adventure,Strategy",1,1,0,0,0,0,0,0,0,0,0,0,1,0
Dangerous Waters,80,Strategy,0,0,0,0,0,0,0,0,0,0,0,0,1,0
Dark and Light,30,"Action,Adventure,Massively Multiplayer,RPG,Simulation,Early Access",1,1,0,0,1,0,0,1,1,0,1,0,0,0
Dark Fall: The Journal,60,Adventure,0,1,0,0,0,0,0,0,0,0,0,0,0,0
Lights Out,55,"Action,Adventure,Free to Play",1,1,0,0,0,1,0,0,0,0,0,0,0,0
Thief: Deadly Shadows,75,Action,1,0,0,0,0,0,0,0,0,0,0,0,0,0
Dark Sector,75,Action,1,0,0,0,0,0,0,0,0,0,0,0,0,0
Darkest of Days,50,Action,1,0,0,0,0,0,0,0,0,0,0,0,0,0
Darkout,65,"Action,Adventure,Indie",1,1,0,0,0,0,1,0,0,0,0,0,0,0
Darkstar One,80,Action,1,0,0,0,0,0,0,0,0,0,0,0,0,0
Day of Defeat,85,Action,1,0,0,0,0,0,0,0,0,0,0,0,0,0
Daylight,40,"Action,Adventure,Casual,Indie",1,1,1,0,0,0,1,0,0,0,0,0,0,0
Dead Effect,40,"Action,Indie",1,0,0,0,0,0,1,0,0,0,0,0,0,0
Dead Space,90,Action,1,0,0,0,0,0,0,0,0,0,0,0,0,0
DeadCore,90,"Action,Indie",1,0,0,0,0,0,1,0,0,0,0,0,0,0
Deadlight,80,"Action,Adventure,Indie",1,1,0,0,0,0,1,0,0,0,0,0,0,0
Dear Esther,70,"Adventure,Casual,Indie",0,1,1,0,0,0,1,0,0,0,0,0,0,0
Death Road to Canada,85,"Action,Indie,RPG",1,0,0,0,0,0,1,0,1,0,0,0,0,0
Death to Spies,70,"Action,Adventure",1,1,0,0,0,0,0,0,0,0,0,0,0,0
Death to Spies: Moment of Truth,70,Action,1,0,0,0,0,0,0,0,0,0,0,0,0,0
Deceit,80,"Action,Free to Play,Indie",1,0,0,0,0,1,1,0,0,0,0,0,0,0
Deep Rock Galactic,75,"Action,Indie,Early Access",1,0,0,0,1,0,1,0,0,0,0,0,0,0
Defenders of Ardania,55,Strategy,0,0,0,0,0,0,0,0,0,0,0,0,1,0
Defense Grid: The Awakening,75,"Indie,Strategy",0,0,0,0,0,0,1,0,0,0,0,0,1,0
Defiance,60,"Action,Free to Play,Massively Multiplayer,RPG",1,0,0,0,0,1,0,1,1,0,0,0,0,0
Delta Force,65,Action,1,0,0,0,0,0,0,0,0,0,0,0,0,0
Delta Force: Black Hawk Down,70,Action,1,0,0,0,0,0,0,0,0,0,0,0,0,0
Delta Force: Task Force Dagger,45,Action,1,0,0,0,0,0,0,0,0,0,0,0,0,0
Delta Force: Xtreme,40,Action,1,0,0,0,0,0,0,0,0,0,0,0,0,0
Demigod,70,"Action,RPG,Strategy",1,0,0,0,0,0,0,0,1,0,0,0,1,0
Deponia,70,"Adventure,Indie",0,1,0,0,0,0,1,0,0,0,0,0,0,0
Deponia Doomsday,80,"Adventure,Indie",0,1,0,0,0,0,1,0,0,0,0,0,0,0
Descent 3,85,Action,1,0,0,0,0,0,0,0,0,0,0,0,0,0
Desert Law,35,"RPG,Strategy",0,0,0,0,0,0,0,0,1,0,0,0,1,0
Desperados: Wanted Dead or Alive,80,"Action,Strategy",1,0,0,0,0,0,0,0,0,0,0,0,1,0
Destiny 2,85,"Action,Adventure",1,1,0,0,0,0,0,0,0,0,0,0,0,0
Deus Ex: Invisible War,70,Action,1,0,0,0,0,0,0,0,0,0,0,0,0,0
Devil May Cry 4,90,"Action,Adventure",1,1,0,0,0,0,0,0,0,0,0,0,0,0
DiRT 4,80,"Racing,Simulation,Sports",0,0,0,0,0,0,0,0,0,1,1,1,0,0
Dishonored,95,"Action,Adventure",1,1,0,0,0,0,0,0,0,0,0,0,0,0
Dishonored: The Brigmore Witches,75,"Action,Adventure",1,1,0,0,0,0,0,0,0,0,0,0,0,0
Dishonored 2,95,Action,1,0,0,0,0,0,0,0,0,0,0,0,0,0
Disney Princess: Enchanted Journey,60,Adventure,0,1,0,0,0,0,0,0,0,0,0,0,0,0
Disney Princess: My Fairytale Adventure,70,Action,1,0,0,0,0,0,0,0,0,0,0,0,0,0
Divine Divinity,80,RPG,0,0,0,0,0,0,0,0,1,0,0,0,0,0
Divinity: Dragon Commander,80,"Action,RPG,Strategy",1,0,0,0,0,0,0,0,1,0,0,0,1,0
DLC Quest,80,Indie,0,0,0,0,0,0,1,0,0,0,0,0,0,0
DmC: Devil May Cry,80,"Action,Adventure",1,1,0,0,0,0,0,0,0,0,0,0,0,0
Dofus,70,"Adventure,Massively Multiplayer,RPG,Strategy",0,1,0,0,0,0,0,1,1,0,0,0,1,0
Doki Doki Literature Club!,90,"Casual,Free to Play,Indie",0,0,1,0,0,1,1,0,0,0,0,0,0,0
DOOM II,85,Action,1,0,0,0,0,0,0,0,0,0,0,0,0,0
Dota 2,85,"Action,Free to Play,Strategy",1,0,0,0,0,1,0,0,0,0,0,0,1,0
Downwell,80,"Action,Adventure,Indie",1,1,0,0,0,0,1,0,0,0,0,0,0,0
Dracula: The Resurrection,80,"Adventure,Casual",0,1,1,0,0,0,0,0,0,0,0,0,0,0
Dracula 3: The Path of the Dragon,60,"Adventure,Casual",0,1,1,0,0,0,0,0,0,0,0,0,0,0
Dragon Age: Origins,90,RPG,0,0,0,0,0,0,0,0,1,0,0,0,0,0
Dragon's Dogma: Dark Arisen,75,"Action,Adventure,RPG",1,1,0,0,0,0,0,0,1,0,0,0,0,0
Dragons and Titans,40,"Action,Adventure,Free to Play,Indie,RPG",1,1,0,0,0,1,1,0,1,0,0,0,0,0
Drakensang: The River of Time,85,RPG,0,0,0,0,0,0,0,0,1,0,0,0,0,0
DreadOut,70,"Adventure,Indie",0,1,0,0,0,0,1,0,0,0,0,0,0,0
Dream Pinball 3D,65,"Casual,Simulation",0,0,1,0,0,0,0,0,0,0,1,0,0,0
Dreamfall: The Longest Journey,70,"Adventure,RPG",0,1,0,0,0,0,0,0,1,0,0,0,0,0
Duke Nukem Forever,55,Action,1,0,0,0,0,0,0,0,0,0,0,0,0,0
Dungeon Defenders,80,"Action,Indie,RPG,Strategy",1,0,0,0,0,0,1,0,1,0,0,0,1,0
Dungeon Siege,85,RPG,0,0,0,0,0,0,0,0,1,0,0,0,0,0
Dungeon Siege II,60,RPG,0,0,0,0,0,0,0,0,1,0,0,0,0,0
Dungeon Siege III,60,"Action,RPG",1,0,0,0,0,0,0,0,1,0,0,0,0,0
Dungeons,70,"RPG,Strategy",0,0,0,0,0,0,0,0,1,0,0,0,1,0
Dust: An Elysian Tail,90,"Action,Adventure,Indie,RPG",1,1,0,0,0,0,1,0,1,0,0,0,0,0
Dyad,65,"Action,Indie,Racing",1,0,0,0,0,0,1,0,0,1,0,0,0,0
E.Y.E: Divine Cybermancy,65,"Action,Indie,RPG",1,0,0,0,0,0,1,0,1,0,0,0,0,0
Eagle Flight,70,"Action,Simulation",1,0,0,0,0,0,0,0,0,0,1,0,0,0
Earth 2160,80,Strategy,0,0,0,0,0,0,0,0,0,0,0,0,1,0
Earthworm Jim 3D,70,"Action,Adventure",1,1,0,0,0,0,0,0,0,0,0,0,0,0
East India Company,70,Strategy,0,0,0,0,0,0,0,0,0,0,0,0,1,0
Eastshade,60,"Adventure,Indie",0,1,0,0,0,0,1,0,0,0,0,0,0,0
Edge,75,"Adventure,Casual,Indie,Simulation",0,1,1,0,0,0,1,0,0,0,1,0,0,0
Element4l,80,"Action,Indie",1,0,0,0,0,0,1,0,0,0,0,0,0,0
Elite Warriors: Vietnam,40,Action,1,0,0,0,0,0,0,0,0,0,0,0,0,0
Elsword,80,"Action,Adventure,Casual,Free to Play,Massively Multiplayer,RPG",1,1,1,0,0,1,0,1,1,0,0,0,0,0
Emergency 2014,35,Simulation,0,0,0,0,0,0,0,0,0,0,1,0,0,0
Enclave,75,RPG,0,0,0,0,0,0,0,0,1,0,0,0,0,0
Ether One,95,"Adventure,Indie",0,1,0,0,0,0,1,0,0,0,0,0,0,0
Etherlords,70,Strategy,0,0,0,0,0,0,0,0,0,0,0,0,1,0
Etherlords II,75,"Adventure,Indie,RPG,Strategy",0,1,0,0,0,0,1,0,1,0,0,0,1,0
Euro Truck Simulator,65,"Indie,Simulation",0,0,0,0,0,0,1,0,0,0,1,0,0,0
Euro Truck Simulator 2,80,"Indie,Simulation",0,0,0,0,0,0,1,0,0,0,1,0,0,0
Eurofighter Typhoon,65,Action,1,0,0,0,0,0,0,0,0,0,0,0,0,0
Europa Universalis IV,80,"Simulation,Strategy",0,0,0,0,0,0,0,0,0,0,1,0,1,0
EVE Online,70,"Action,Free to Play,Massively Multiplayer,RPG,Strategy",1,0,0,0,0,1,0,1,1,0,0,0,1,0
Everlasting Summer,75,"Adventure,Casual,Free to Play,Indie",0,1,1,0,0,1,1,0,0,0,0,0,0,0
EverQuest II,90,"Free to Play,Massively Multiplayer,RPG",0,0,0,0,0,1,0,1,1,0,0,0,0,0
Everything,85,"Casual,Indie,RPG,Simulation",0,0,1,0,0,0,1,0,1,0,1,0,0,0
Evil Genius,65,Strategy,0,0,0,0,0,0,0,0,0,0,0,0,1,0
Evolva,80,"Action,Adventure,Strategy",1,1,0,0,0,0,0,0,0,0,0,0,1,0
F-22 Lightning 3,85,Simulation,0,0,0,0,0,0,0,0,0,0,1,0,0,0
F.E.A.R. 2: Project Origin,75,Action,1,0,0,0,0,0,0,0,0,0,0,0,0,0
Faces of War,75,"Action,Simulation,Strategy",1,0,0,0,0,0,0,0,0,0,1,0,1,0
Factorio,80,"Casual,Indie,Simulation,Strategy,Early Access",0,0,1,0,1,0,1,0,0,0,1,0,1,0
Faeria,75,"Adventure,Indie,Massively Multiplayer,RPG,Strategy",0,1,0,0,0,0,1,1,1,0,0,0,1,0
Fair Strike,50,"Action,Simulation",1,0,0,0,0,0,0,0,0,0,1,0,0,0
Falcon 4.0,85,Simulation,0,0,0,0,0,0,0,0,0,0,1,0,0,0
Fallout 3,85,RPG,0,0,0,0,0,0,0,0,1,0,0,0,0,0
Fallout 4 VR,65,RPG,0,0,0,0,0,0,0,0,1,0,0,0,0,0
Fallout: New Vegas,85,"Action,RPG",1,0,0,0,0,0,0,0,1,0,0,0,0,0
Fallout Shelter,75,"Free to Play,RPG,Simulation",0,0,0,0,0,1,0,0,1,0,1,0,0,0
Fallout Tactics: Brotherhood of Steel,80,Strategy,0,0,0,0,0,0,0,0,0,0,0,0,1,0
Farming Simulator 2011,60,Simulation,0,0,0,0,0,0,0,0,0,0,1,0,0,0
Farming Simulator 2011,40,Simulation,0,0,0,0,0,0,0,0,0,0,1,0,0,0
Fantasy Wars,70,Strategy,0,0,0,0,0,0,0,0,0,0,0,0,1,0
Far Cry 3,90,"Action,Adventure",1,1,0,0,0,0,0,0,0,0,0,0,0,0
Farm Machines Championships 2014,20,"Racing,Simulation",0,0,0,0,0,0,0,0,0,1,1,0,0,0
Farming Simulator 15,70,Simulation,0,0,0,0,0,0,0,0,0,0,1,0,0,0
FarSky,60,"Adventure,Indie",0,1,0,0,0,0,1,0,0,0,0,0,0,0
Fear The Wolves,45,"Action,Adventure,Massively Multiplayer",1,1,0,0,0,0,0,1,0,0,0,0,0,0
Fieldrunners 2,80,"Action,Strategy,Casual",1,0,1,0,0,0,0,0,0,0,0,0,1,0
Final Exam,75,"Action,Indie",1,0,0,0,0,0,1,0,0,0,0,0,0,0
Fishing Planet,85,"Free to Play,Massively Multiplayer,Simulation,Sports",0,0,0,0,0,1,0,1,0,0,1,1,0,0
Flashback,80,"Action,Adventure",1,1,0,0,0,0,0,0,0,0,0,0,0,0
Flashback,80,"Action,Adventure,RPG",1,1,0,0,0,0,0,0,1,0,0,0,0,0
FlatOut,75,Racing,0,0,0,0,0,0,0,0,0,1,0,0,0,0
FlatOut: Ultimate Carnage,70,Racing,0,0,0,0,0,0,0,0,0,1,0,0,0,0
Fly'N,85,"Action,Adventure,Indie",1,1,0,0,0,0,1,0,0,0,0,0,0,0
Fort Boyard,10,"Action,Sports",1,0,0,0,0,0,0,0,0,0,0,1,0,0
Fortix 2,40,"Casual,Indie",0,0,1,0,0,0,1,0,0,0,0,0,0,0
Fossil Echo,70,"Action,Adventure,Indie",1,1,0,0,0,0,1,0,0,0,0,0,0,0
Foul Play,60,"Action,Adventure,Casual,Indie",1,1,1,0,0,0,1,0,0,0,0,0,0,0
Freedom Force,70,"RPG,Strategy",0,0,0,0,0,0,0,0,1,0,0,0,1,0
Freespace 2,80,Action,1,0,0,0,0,0,0,0,0,0,0,0,0,0
From Dust,70,"Adventure,Simulation",0,1,0,0,0,0,0,0,0,0,1,0,0,0
Front Mission Evolved,50,Action,1,0,0,0,0,0,0,0,0,0,0,0,0,0
Frostpunk,80,"Simulation,Strategy",0,0,0,0,0,0,0,0,0,0,1,0,1,0
Frozen Synapse,85,"Indie,Strategy",0,0,0,0,0,0,1,0,0,0,0,0,1,0
Full Spectrum Warrior,80,"Action,Strategy",1,0,0,0,0,0,0,0,0,0,0,0,1,0
Full Spectrum Warrior: Ten Hammers,75,"Action,Strategy",1,0,0,0,0,0,0,0,0,0,0,0,1,0
Game of Thrones,60,"Action,RPG",1,0,0,0,0,0,0,0,1,0,0,0,0,0
Gemini Rue,60,"Adventure,Indie",0,1,0,0,0,0,1,0,0,0,0,0,0,0
Genesis Rising,50,Strategy,0,0,0,0,0,0,0,0,0,0,0,0,1,0
Ghost of a Tale,85,"Action,Adventure,Indie,RPG",1,1,0,0,0,0,1,0,1,0,0,0,0,0
Ghost Pirates of Vooju Island,70,"Adventure,Casual",0,1,1,0,0,0,0,0,0,0,0,0,0,0
Ghost Sweeper,35,"Action,Adventure,Casual,Indie",1,1,1,0,0,0,1,0,0,0,0,0,0,0
Giana Sisters: Twisted Dreams,80,"Action,Indie",1,0,0,0,0,0,1,0,0,0,0,0,0,0
Giants: Citizen Kabuto,85,"Action,Adventure,RPG",1,1,0,0,0,0,0,0,1,0,0,0,0,0
Gladiator: Sword of Vengeance,50,"Action,Adventure",1,1,0,0,0,0,0,0,0,0,0,0,0,0
Gnomoria,70,"Indie,Simulation,Strategy",0,0,0,0,0,0,1,0,0,0,1,0,1,0
GoD Factory: Wingmen,70,"Action,Indie,Simulation,Strategy",1,0,0,0,0,0,1,0,0,0,1,0,1,0
Gods Will Be Watching,75,"Adventure,Indie",0,1,0,0,0,0,1,0,0,0,0,0,0,0
Umineko: Golden Fantasia,65,"Action,Indie",1,0,0,0,0,0,1,0,0,0,0,0,0,0
ACE Academy,25,"Action,Adventure,Indie,RPG,Simulation,Sports",1,1,0,0,0,0,1,0,1,0,1,1,0,0
Gomo,50,"Adventure,Indie",0,1,0,0,0,0,1,0,0,0,0,0,0,0
Gone Home,85,"Adventure,Indie",0,1,0,0,0,0,1,0,0,0,0,0,0,0
Goodbye Deponia,85,"Adventure,Indie",0,1,0,0,0,0,1,0,0,0,0,0,0,0
Grand Ages: Rome,75,"Simulation,Strategy",0,0,0,0,0,0,0,0,0,0,1,0,1,0
Grand Theft Auto: San Andreas,90,Action,1,0,0,0,0,0,0,0,0,0,0,0,0,0
Grand Theft Auto: Vice City,90,Action,1,0,0,0,0,0,0,0,0,0,0,0,0,0
Grand Theft Auto III,85,Action,1,0,0,0,0,0,0,0,0,0,0,0,0,0
Grand Theft Auto IV,90,"Action,Adventure",1,1,0,0,0,0,0,0,0,0,0,0,0,0
Grand Theft Auto V,90,"Action,Adventure",1,1,0,0,0,0,0,0,0,0,0,0,0,0
Gray Matter,85,"Adventure,Casual",0,1,1,0,0,0,0,0,0,0,0,0,0,0
Greed: Black Border,50,"Action,RPG",1,0,0,0,0,0,0,0,1,0,0,0,0,0
GRID 2,80,"Racing,Sports",0,0,0,0,0,0,0,0,0,1,0,1,0,0
Grim Dawn,75,"Action,Adventure,Indie,RPG",1,1,0,0,0,0,1,0,1,0,0,0,0,0
Ground Control II: Operation Exodus,85,Strategy,0,0,0,0,0,0,0,0,0,0,0,0,1,0
Grow Home,80,"Adventure,Casual,Indie",0,1,1,0,0,0,1,0,0,0,0,0,0,0
GT Legends,80,"Racing,Simulation,Sports",0,0,0,0,0,0,0,0,0,1,1,1,0,0
Guild Wars,85,"RPG,Massively Multiplayer",0,0,0,0,0,0,0,1,1,0,0,0,0,0
Gun Metal,45,Action,1,0,0,0,0,0,0,0,0,0,0,0,0,0
Hack 'n' Slash,50,"Adventure,Casual,Indie",0,1,1,0,0,0,1,0,0,0,0,0,0,0
Half-Life,90,Action,1,0,0,0,0,0,0,0,0,0,0,0,0,0
Half-Life: Blue Shift,55,Action,1,0,0,0,0,0,0,0,0,0,0,0,0,0
Half-Life: Opposing Force,85,Action,1,0,0,0,0,0,0,0,0,0,0,0,0,0
Half-Life 2,90,Action,1,0,0,0,0,0,0,0,0,0,0,0,0,0
Half-Life 2: Episode One,90,Action,1,0,0,0,0,0,0,0,0,0,0,0,0,0
Half-Life 2: Episode Two,85,Action,1,0,0,0,0,0,0,0,0,0,0,0,0,0
Hammerfight,45,"Action,Indie",1,0,0,0,0,0,1,0,0,0,0,0,0,0
Hand of Fate,95,"Action,Indie,RPG",1,0,0,0,0,0,1,0,1,0,0,0,0,0
Hard West,85,"Adventure,Indie,RPG,Strategy",0,1,0,0,0,0,1,0,1,0,0,0,1,0
Hatoful Boyfriend: Holiday Star,55,"Adventure,Indie",0,1,0,0,0,0,1,0,0,0,0,0,0,0
Hearts of Iron III,70,Strategy,0,0,0,0,0,0,0,0,0,0,0,0,1,0
Heaven & Hell,45,Casual,0,0,1,0,0,0,0,0,0,0,0,0,0,0
Heli Heroes,50,"Action,Casual",1,0,1,0,0,0,0,0,0,0,0,0,0,0
Helldorado,70,Strategy,0,0,0,0,0,0,0,0,0,0,0,0,1,0
Heroes of Annihilated Empires,55,Strategy,0,0,0,0,0,0,0,0,0,0,0,0,1,0
Hidden Expedition: Titanic,60,Casual,0,0,1,0,0,0,0,0,0,0,0,0,0,0
Highland Warriors,60,Strategy,0,0,0,0,0,0,0,0,0,0,0,0,1,0
Hitman: Blood Money,80,Action,1,0,0,0,0,0,0,0,0,0,0,0,0,0
Hitman 2: Silent Assassin,85,Action,1,0,0,0,0,0,0,0,0,0,0,0,0,0
Hitman: Contracts,75,Action,1,0,0,0,0,0,0,0,0,0,0,0,0,0
Home Sweet Home,65,"Adventure,Indie",0,1,0,0,0,0,1,0,0,0,0,0,0,0
Home Sweet Home,35,"Adventure,Indie",0,1,0,0,0,0,1,0,0,0,0,0,0,0
Homefront,55,Action,1,0,0,0,0,0,0,0,0,0,0,0,0,0
Homesick,65,"Adventure,Indie",0,1,0,0,0,0,1,0,0,0,0,0,0,0
Hook,50,"Casual,Indie",0,0,1,0,0,0,1,0,0,0,0,0,0,0
Horizon,55,"Indie,Strategy",0,0,0,0,0,0,1,0,0,0,0,0,1,0
Hospital Tycoon,65,Simulation,0,0,0,0,0,0,0,0,0,0,1,0,0,0
Hotel Giant 2,60,Simulation,0,0,0,0,0,0,0,0,0,0,1,0,0,0
Hotline Miami,80,"Action,Indie",1,0,0,0,0,0,1,0,0,0,0,0,0,0
How to Survive,55,"Action,Adventure,RPG",1,1,0,0,0,0,0,0,1,0,0,0,0,0
How to Survive 2,55,"Action,Adventure,RPG",1,1,0,0,0,0,0,0,1,0,0,0,0,0
Human: Fall Flat,80,"Adventure,Indie",0,1,0,0,0,0,1,0,0,0,0,0,0,0
Human Resource Machine,80,"Casual,Indie",0,0,1,0,0,0,1,0,0,0,0,0,0,0
Hyper Light Drifter,85,"Action,Adventure,Indie,RPG",1,1,0,0,0,0,1,0,1,0,0,0,0,0
I Am Alive,80,"Action,Adventure",1,1,0,0,0,0,0,0,0,0,0,0,0,0
If My Heart Had Wings,85,"Adventure,Casual,Simulation",0,1,1,0,0,0,0,0,0,0,1,0,0,0
Impact Winter,65,"Adventure,Indie,Simulation",0,1,0,0,0,0,1,0,0,0,1,0,0,0
Imperial Glory,65,Strategy,0,0,0,0,0,0,0,0,0,0,0,0,1,0
Impire,70,Strategy,0,0,0,0,0,0,0,0,0,0,0,0,1,0
Incoming Forces,40,Action,1,0,0,0,0,0,0,0,0,0,0,0,0,0
INK,70,"Action,Adventure,Indie",1,1,0,0,0,0,1,0,0,0,0,0,0,0
Inmates,45,"Adventure,Indie",0,1,0,0,0,0,1,0,0,0,0,0,0,0
Insurgency,75,"Action,Indie,Strategy",1,0,0,0,0,0,1,0,0,0,0,0,1,0
Insurgency,85,"Action,Indie,Strategy",1,0,0,0,0,0,1,0,0,0,0,0,1,0
Insurgency: Sandstorm,80,Action,1,0,0,0,0,0,0,0,0,0,0,0,0,0
"Invisible, Inc.",85,"Action,Indie,Strategy",1,0,0,0,0,0,1,0,0,0,0,0,1,0
Iron Brigade,85,"Action,Strategy",1,0,0,0,0,0,0,0,0,0,0,0,1,0
Iron Grip: Warlord,70,"Action,Indie",1,0,0,0,0,0,1,0,0,0,0,0,0,0
Iron Storm,75,"Action,Adventure,Indie",1,1,0,0,0,0,1,0,0,0,0,0,0,0
Iron Storm,45,"Action,Adventure,Indie",1,1,0,0,0,0,1,0,0,0,0,0,0,0
Ittle Dew,75,"Adventure,Indie",0,1,0,0,0,0,1,0,0,0,0,0,0,0
John Wick Chronicles,55,Action,1,0,0,0,0,0,0,0,0,0,0,0,0,0
Jotun: Valhalla Edition,75,"Action,Adventure,Indie",1,1,0,0,0,0,1,0,0,0,0,0,0,0
Journal,50,"Adventure,Indie",0,1,0,0,0,0,1,0,0,0,0,0,0,0
Joint Task Force,70,"Action,Strategy",1,0,0,0,0,0,0,0,0,0,0,0,1,0
Just Cause,60,Action,1,0,0,0,0,0,0,0,0,0,0,0,0,0
Just Cause 2,75,"Action,Adventure",1,1,0,0,0,0,0,0,0,0,0,0,0,0
Just Cause 4,75,"Action,Adventure",1,1,0,0,0,0,0,0,0,0,0,0,0,0
Keepsake,65,"Adventure,Casual,Indie",0,1,1,0,0,0,1,0,0,0,0,0,0,0
Kerbal Space Program,65,"Indie,Simulation",0,0,0,0,0,0,1,0,0,0,1,0,0,0
Kick-Ass 2,25,Action,1,0,0,0,0,0,0,0,0,0,0,0,0,0
Killing Floor,75,Action,1,0,0,0,0,0,0,0,0,0,0,0,0,0
King Arthur II: The Role-Playing Wargame,65,"RPG,Strategy",0,0,0,0,0,0,0,0,1,0,0,0,1,0
King Arthur's Gold,85,"Action,Free to Play,Indie",1,0,0,0,0,1,1,0,0,0,0,0,0,0
King's Bounty: Armored Princess,75,"RPG,Strategy",0,0,0,0,0,0,0,0,1,0,0,0,1,0
King's Bounty: Crossworlds,65,"RPG,Strategy",0,0,0,0,0,0,0,0,1,0,0,0,1,0
King's Bounty: The Legend,80,"RPG,Strategy",0,0,0,0,0,0,0,0,1,0,0,0,1,0
King's Bounty: Warriors of the North,75,"RPG,Strategy",0,0,0,0,0,0,0,0,1,0,0,0,1,0
Kingdom: New Lands,85,"Indie,Simulation,Strategy",0,0,0,0,0,0,1,0,0,0,1,0,1,0
Zanzarah: The Hidden Portal,55,"Action,Adventure,RPG",1,1,0,0,0,0,0,0,1,0,0,0,0,0
Zanzarah: The Hidden Portal,70,"Action,Adventure,RPG",1,1,0,0,0,0,0,0,1,0,0,0,0,0
Knights of Honor,75,Strategy,0,0,0,0,0,0,0,0,0,0,0,0,1,0
Knytt Underground,75,"Adventure,Indie",0,1,0,0,0,0,1,0,0,0,0,0,0,0
Kohan II: Kings of War,60,Strategy,0,0,0,0,0,0,0,0,0,0,0,0,1,0
L.A. Noire: The VR Case Files,80,"Action,Adventure",1,1,0,0,0,0,0,0,0,0,0,0,0,0
Sinking Island,75,Adventure,0,1,0,0,0,0,0,0,0,0,0,0,0,0
Nostradamus: The Last Prophecy,90,"Adventure,Casual",0,1,1,0,0,0,0,0,0,0,0,0,0,0
Nostradamus: The Last Prophecy,75,"Adventure,Casual",0,1,1,0,0,0,0,0,0,0,0,0,0,0
The Sum of All Fears,65,Action,1,0,0,0,0,0,0,0,0,0,0,0,0,0
Lara Croft and the Guardian of Light,85,"Action,Adventure",1,1,0,0,0,0,0,0,0,0,0,0,0,0
Layers of Fear,75,"Adventure,Indie",0,1,0,0,0,0,1,0,0,0,0,0,0,0
Dead Mountaineer's Hotel,45,Adventure,0,1,0,0,0,0,0,0,0,0,0,0,0,0
The Testament of Sherlock Holmes,75,Adventure,0,1,0,0,0,0,0,0,0,0,0,0,0,0
Lead and Gold: Gangs of the Wild West,70,Action,1,0,0,0,0,0,0,0,0,0,0,0,0,0
Left 4 Dead,85,Action,1,0,0,0,0,0,0,0,0,0,0,0,0,0
Left 4 Dead 2,85,Action,1,0,0,0,0,0,0,0,0,0,0,0,0,0
Legacy of Kain: Defiance,75,"Action,Adventure",1,1,0,0,0,0,0,0,0,0,0,0,0,0
Legacy of Kain: Soul Reaver,90,"Action,Adventure",1,1,0,0,0,0,0,0,0,0,0,0,0,0
Legend of Grimrock,90,"Adventure,Indie,RPG",0,1,0,0,0,0,1,0,1,0,0,0,0,0
Legend of Grimrock,90,"Adventure,Indie,RPG",0,1,0,0,0,0,1,0,1,0,0,0,0,0
Legendary,50,Action,1,0,0,0,0,0,0,0,0,0,0,0,0,0
The Misadventures of P.B. Winterbottom,80,"Adventure,Indie",0,1,0,0,0,0,1,0,0,0,0,0,0,0
The Sims 3: Supernatural,65,Simulation,0,0,0,0,0,0,0,0,0,0,1,0,0,0
The Sims 3: University Life,70,Simulation,0,0,0,0,0,0,0,0,0,0,1,0,0,0
Life Goes On: Done to Death,80,"Action,Adventure,Casual,Indie",1,1,1,0,0,0,1,0,0,0,0,0,0,0
Lightfish,75,"Action,Indie",1,0,0,0,0,0,1,0,0,0,0,0,0,0
Line of Sight: Vietnam,55,Action,1,0,0,0,0,0,0,0,0,0,0,0,0,0
The Kings' Crusade,70,Strategy,0,0,0,0,0,0,0,0,0,0,0,0,1,0
Lionheart: Legacy of the Crusader,70,"Adventure,RPG",0,1,0,0,0,0,0,0,1,0,0,0,0,0
Little Inferno,60,"Adventure,Casual,Indie",0,1,1,0,0,0,1,0,0,0,0,0,0,0
Loki,80,RPG,0,0,0,0,0,0,0,0,1,0,0,0,0,0
Lords of the Realm III,55,"Simulation,Strategy",0,0,0,0,0,0,0,0,0,0,1,0,1,0
Lost,45,"Action,Adventure,Casual,Indie",1,1,1,0,0,0,1,0,0,0,0,0,0,0
Lost Chronicles of Zerzura,70,Adventure,0,1,0,0,0,0,0,0,0,0,0,0,0,0
Lost Horizon,65,Adventure,0,1,0,0,0,0,0,0,0,0,0,0,0,0
The Messenger,65,"Action,Indie",1,0,0,0,0,0,1,0,0,0,0,0,0,0
Lucius,55,"Action,Adventure,Indie",1,1,0,0,0,0,1,0,0,0,0,0,0,0
Lunar Flight,65,"Indie,Simulation",0,0,0,0,0,0,1,0,0,0,1,0,0,0
Lucadian Chronicles,70,"Indie,RPG,Strategy",0,0,0,0,0,0,1,0,1,0,0,0,1,0
MachiaVillain,80,"Indie,Simulation,Strategy",0,0,0,0,0,0,1,0,0,0,1,0,1,0
Machinarium,85,"Adventure,Indie",0,1,0,0,0,0,1,0,0,0,0,0,0,0
Maelstrom,45,"Action,Indie,Massively Multiplayer,Simulation,Strategy,Early Access",1,0,0,0,1,0,1,1,0,0,1,0,1,0
Mafia,85,"Action,Adventure",1,1,0,0,0,0,0,0,0,0,0,0,0,0
Mafia II,75,Action,1,0,0,0,0,0,0,0,0,0,0,0,0,0
Magic: The Gathering - Duels of the Planeswalkers 2012,60,Strategy,0,0,0,0,0,0,0,0,0,0,0,0,1,0
Magic: The Gathering - Duels of the Planeswalkers 2013,60,Strategy,0,0,0,0,0,0,0,0,0,0,0,0,1,0
Magic: The Gathering - Duels of the Planeswalkers 2013,65,Strategy,0,0,0,0,0,0,0,0,0,0,0,0,1,0
Magicka,55,"Action,RPG",1,0,0,0,0,0,0,0,1,0,0,0,0,0
Magnetis,70,"Indie,Casual",0,0,1,0,0,0,1,0,0,0,0,0,0,0
Magrunner: Dark Pulse,50,"Action,Adventure",1,1,0,0,0,0,0,0,0,0,0,0,0,0
Manhunt,65,Action,1,0,0,0,0,0,0,0,0,0,0,0,0,0
Mark of the Ninja: Remastered,85,"Action,Indie",1,0,0,0,0,0,1,0,0,0,0,0,0,0
Marlow Briggs and the Mask of Death,75,"Action,Adventure",1,1,0,0,0,0,0,0,0,0,0,0,0,0
Mars: War Logs,65,"Action,RPG",1,0,0,0,0,0,0,0,1,0,0,0,0,0
Mashed,65,Racing,0,0,0,0,0,0,0,0,0,1,0,0,0,0
Mass Effect,90,"Action,RPG",1,0,0,0,0,0,0,0,1,0,0,0,0,0
Mass Effect 2,90,RPG,0,0,0,0,0,0,0,0,1,0,0,0,0,0
Massive Assault,65,Strategy,0,0,0,0,0,0,0,0,0,0,0,0,1,0
Master of Orion,75,Strategy,0,0,0,0,0,0,0,0,0,0,0,0,1,0
Max Payne,90,Action,1,0,0,0,0,0,0,0,0,0,0,0,0,0
Max Payne 2: The Fall of Max Payne,85,Action,1,0,0,0,0,0,0,0,0,0,0,0,0,0
Max Payne 3,90,Action,1,0,0,0,0,0,0,0,0,0,0,0,0,0
Mayan Death Robots,80,"Action,Indie",1,0,0,0,0,0,1,0,0,0,0,0,0,0
McPixel,70,"Action,Adventure,Indie",1,1,0,0,0,0,1,0,0,0,0,0,0,0
McPixel,75,"Action,Adventure,Indie",1,1,0,0,0,0,1,0,0,0,0,0,0,0
MDK,90,Action,1,0,0,0,0,0,0,0,0,0,0,0,0,0
MDK 2,85,Action,1,0,0,0,0,0,0,0,0,0,0,0,0,0
Mechanic Escape,65,"Action,Adventure,Indie",1,1,0,0,0,0,1,0,0,0,0,0,0,0
Medal of Honor: Airborne,65,Action,1,0,0,0,0,0,0,0,0,0,0,0,0,0
Memento Mori,70,Adventure,0,1,0,0,0,0,0,0,0,0,0,0,0,0
Men of Valor,55,Action,1,0,0,0,0,0,0,0,0,0,0,0,0,0
Men of War: Assault Squad,80,Strategy,0,0,0,0,0,0,0,0,0,0,0,0,1,0
Men of War: Vietnam,60,Strategy,0,0,0,0,0,0,0,0,0,0,0,0,1,0
Metal Fatigue,80,Strategy,0,0,0,0,0,0,0,0,0,0,0,0,1,0
Miner Wars 2081,55,"Action,Adventure,Indie,RPG,Simulation",1,1,0,0,0,0,1,0,1,0,1,0,0,0
Mini Metro,80,"Indie,Simulation,Strategy",0,0,0,0,0,0,1,0,0,0,1,0,1,0
Mini Ninjas,80,"Action,Adventure",1,1,0,0,0,0,0,0,0,0,0,0,0,0
Mobile Forces,55,"Action,Casual,Indie,Strategy",1,0,1,0,0,0,1,0,0,0,0,0,1,0
Moebius: Empire Rising,35,"Adventure,Indie",0,1,0,0,0,0,1,0,0,0,0,0,0,0
Montague's Mount,40,"Adventure,Indie",0,1,0,0,0,0,1,0,0,0,0,0,0,0
Moon Hunters,80,"Adventure,Indie,RPG",0,1,0,0,0,0,1,0,1,0,0,0,0,0
Mother Russia Bleeds,75,"Action,Indie",1,0,0,0,0,0,1,0,0,0,0,0,0,0
Motorsport Manager,75,"Racing,Simulation,Sports,Strategy",0,0,0,0,0,0,0,0,0,1,1,1,1,0
Mount Hill,85,"Action,Indie",1,0,0,0,0,0,1,0,0,0,0,0,0,0
Mount Hill,90,"Action,Indie",1,0,0,0,0,0,1,0,0,0,0,0,0,0
Mount Hill,75,"Action,Indie",1,0,0,0,0,0,1,0,0,0,0,0,0,0
Mount Hill,80,"Action,Indie",1,0,0,0,0,0,1,0,0,0,0,0,0,0
Murdered: Soul Suspect,55,"Action,Adventure,RPG",1,1,0,0,0,0,0,0,1,0,0,0,0,0
MX vs. ATV Unleashed,60,"Racing,Simulation",0,0,0,0,0,0,0,0,0,1,1,0,0,0
Myst III: Exile,90,"Adventure,Casual",0,1,1,0,0,0,0,0,0,0,0,0,0,0
Myst IV: Revelation,85,"Adventure,Casual",0,1,1,0,0,0,0,0,0,0,0,0,0,0
Myst V: End of Ages,70,"Adventure,Casual",0,1,1,0,0,0,0,0,0,0,0,0,0,0
Nation Red,35,"Action,Indie",1,0,0,0,0,0,1,0,0,0,0,0,0,0
Necronomicon: The Dawning of Darkness,70,"Adventure,Casual",0,1,1,0,0,0,0,0,0,0,0,0,0,0
NecroVisioN: Lost Company,80,Action,1,0,0,0,0,0,0,0,0,0,0,0,0,0
Need for Speed: Shift,80,Racing,0,0,0,0,0,0,0,0,0,1,0,0,0,0
Neverending Nightmares,60,"Action,Adventure,Indie",1,1,0,0,0,0,1,0,0,0,0,0,0,0
Nidhogg,75,"Action,Indie,Sports",1,0,0,0,0,0,1,0,0,0,0,1,0,0
Nihilumbra,70,"Adventure,Casual,Indie",0,1,1,0,0,0,1,0,0,0,0,0,0,0
Nimbus,80,"Indie,Racing",0,0,0,0,0,0,1,0,0,1,0,0,0,0
No Man's Sky,80,"Action,Adventure",1,1,0,0,0,0,0,0,0,0,0,0,0,0
Normality,70,"Action,Adventure",1,1,0,0,0,0,0,0,0,0,0,0,0,0
Northgard,70,"Indie,Simulation,Strategy",0,0,0,0,0,0,1,0,0,0,1,0,1,0
Nosferatu: The Wrath of Malachi,50,"Action,Adventure",1,1,0,0,0,0,0,0,0,0,0,0,0,0
Nuclear Throne,90,"Action,Indie,RPG",1,0,0,0,0,0,1,0,1,0,0,0,0,0
NyxQuest: Kindred Spirits,70,"Action,Adventure",1,1,0,0,0,0,0,0,0,0,0,0,0,0
Obduction,65,"Adventure,Indie",0,1,0,0,0,0,1,0,0,0,0,0,0,0
Octodad: Dadliest Catch,85,"Action,Adventure,Indie",1,1,0,0,0,0,1,0,0,0,0,0,0,0
Off-Road Drive,65,"Racing,Simulation",0,0,0,0,0,0,0,0,0,1,1,0,0,0
One More Dungeon,70,"Action,Indie,RPG",1,0,0,0,0,0,1,0,1,0,0,0,0,0
Operation Flashpoint: Dragon Rising,70,Action,1,0,0,0,0,0,0,0,0,0,0,0,0,0
Orcs Must Die!,85,"Action,Indie,Strategy",1,0,0,0,0,0,1,0,0,0,0,0,1,0
Orcs Must Die! 2,80,"Action,Indie,Strategy",1,0,0,0,0,0,1,0,0,0,0,0,1,0
Osmos,80,"Indie,Casual",0,0,1,0,0,0,1,0,0,0,0,0,0,0
Out There Somewhere,65,"Action,Adventure,Indie",1,1,0,0,0,0,1,0,0,0,0,0,0,0
Outlast,80,"Action,Adventure,Indie",1,1,0,0,0,0,1,0,0,0,0,0,0,0
Overclocked,75,"Action,Free to Play,Indie",1,0,0,0,0,1,1,0,0,0,0,0,0,0
Overlord II,75,RPG,0,0,0,0,0,0,0,0,1,0,0,0,0,0
Owlboy,90,"Action,Adventure,Indie",1,1,0,0,0,0,1,0,0,0,0,0,0,0
Pacific Storm,60,"Simulation,Strategy",0,0,0,0,0,0,0,0,0,0,1,0,1,0
Painkiller: Resurrection,40,Action,1,0,0,0,0,0,0,0,0,0,0,0,0,0
Pandora: First Contact,75,"Simulation,Strategy",0,0,0,0,0,0,0,0,0,0,1,0,1,0
Paper Sorcerer,85,"Adventure,Indie,RPG",0,1,0,0,0,0,1,0,1,0,0,0,0,0
"Papers, Please",80,"Adventure,Indie",0,1,0,0,0,0,1,0,0,0,0,0,0,0
Papo & Yo,75,"Adventure,Indie",0,1,0,0,0,0,1,0,0,0,0,0,0,0
Paradise,70,"Casual,Indie,RPG",0,0,1,0,0,0,1,0,1,0,0,0,0,0
Parkan: Iron Strategy,65,"Action,Adventure,Simulation",1,1,0,0,0,0,0,0,0,0,1,0,0,0
Path of Exile,75,"Action,Adventure,Free to Play,Indie,Massively Multiplayer,RPG",1,1,0,0,0,1,1,1,1,0,0,0,0,0
Path of Exile,80,"Action,Adventure,Free to Play,Indie,Massively Multiplayer,RPG",1,1,0,0,0,1,1,1,1,0,0,0,0,0
Penumbra: Requiem,60,"Adventure,Indie",0,1,0,0,0,0,1,0,0,0,0,0,0,0
Perimeter,65,Strategy,0,0,0,0,0,0,0,0,0,0,0,0,1,0
Phantom Doctrine,80,"Action,RPG,Strategy",1,0,0,0,0,0,0,0,1,0,0,0,1,0
Pid,70,"Adventure,Indie",0,1,0,0,0,0,1,0,0,0,0,0,0,0
Pillars of Eternity II: Deadfire,90,RPG,0,0,0,0,0,0,0,0,1,0,0,0,0,0
Pinball Arcade,45,"Free to Play,Simulation",0,0,0,0,0,1,0,0,0,0,1,0,0,0
Pirates of Black Cove,55,Strategy,0,0,0,0,0,0,0,0,0,0,0,0,1,0
Plain Sight,50,"Action,Indie",1,0,0,0,0,0,1,0,0,0,0,0,0,0
Planet Coaster,85,"Simulation,Strategy",0,0,0,0,0,0,0,0,0,0,1,0,1,0
Planets Under Attack,65,"Indie,Strategy",0,0,0,0,0,0,1,0,0,0,0,0,1,0
PlanetSide 2,85,"Action,Free to Play,Massively Multiplayer",1,0,0,0,0,1,0,1,0,0,0,0,0,0
Port Royale 2,50,Strategy,0,0,0,0,0,0,0,0,0,0,0,0,1,0
Portal,70,Action,1,0,0,0,0,0,0,0,0,0,0,0,0,0
Portal 2,95,"Action,Adventure",1,1,0,0,0,0,0,0,0,0,0,0,0,0
Post Mortem,80,Adventure,0,1,0,0,0,0,0,0,0,0,0,0,0,0
Postal III,55,Action,1,0,0,0,0,0,0,0,0,0,0,0,0,0
Praetorians,80,"Indie,Strategy",0,0,0,0,0,0,1,0,0,0,0,0,1,0
Prey,80,"Action,Adventure",1,1,0,0,0,0,0,0,0,0,0,0,0,0
Primal Carnage,90,"Action,Indie",1,0,0,0,0,0,1,0,0,0,0,0,0,0
Pro Basketball Manager 2017,70,"Simulation,Sports",0,0,0,0,0,0,0,0,0,0,1,1,0,0
Pro Basketball Manager 2019,45,"Indie,Simulation,Sports,Strategy",0,0,0,0,0,0,1,0,0,0,1,1,1,0
Pro Cycling Manager 2017,70,"Simulation,Sports",0,0,0,0,0,0,0,0,0,0,1,1,0,0
Professional Farmer 2017,40,Simulation,0,0,0,0,0,0,0,0,0,0,1,0,0,0
Project: Snowblind,60,Action,1,0,0,0,0,0,0,0,0,0,0,0,0,0
Proteus,65,"Adventure,Casual,Indie",0,1,1,0,0,0,1,0,0,0,0,0,0,0
Prototype 2,75,"Action,Adventure",1,1,0,0,0,0,0,0,0,0,0,0,0,0
Proxy Blade Zero,70,"Action,Indie",1,0,0,0,0,0,1,0,0,0,0,0,0,0
Psychonauts,85,Action,1,0,0,0,0,0,0,0,0,0,0,0,0,0
Putrefaction,55,"Action,Indie",1,0,0,0,0,0,1,0,0,0,0,0,0,0
Puzzle Agent 2,80,"Adventure,Casual",0,1,1,0,0,0,0,0,0,0,0,0,0,0
Puzzle Agent 2,70,"Adventure,Casual",0,1,1,0,0,0,0,0,0,0,0,0,0,0
Pajama Sam 3: You Are What You Eat From Your Head To Your Feet,60,"Adventure,Casual",0,1,1,0,0,0,0,0,0,0,0,0,0,0
Quantum Conundrum,75,"Casual,Strategy",0,0,1,0,0,0,0,0,0,0,0,0,1,0
Quantz,75,"Indie,Casual",0,0,1,0,0,0,1,0,0,0,0,0,0,0
GRID,75,"Action,Casual,Racing,Simulation,Sports",1,0,1,0,0,0,0,0,0,1,1,1,0,0
Railroad Pioneer,35,"Simulation,Strategy",0,0,0,0,0,0,0,0,0,0,1,0,1,0
Railroad Tycoon 3,70,Strategy,0,0,0,0,0,0,0,0,0,0,0,0,1,0
Rampage Knights,80,"Action,Adventure,Indie,RPG",1,1,0,0,0,0,1,0,1,0,0,0,0,0
Randal's Monday,60,"Adventure,Indie",0,1,0,0,0,0,1,0,0,0,0,0,0,0
RC Cars,50,"Casual,Racing",0,0,1,0,0,0,0,0,0,1,0,0,0,0
Realm of the Mad God,70,"Action,Free to Play,Indie,Massively Multiplayer,RPG",1,0,0,0,0,1,1,1,1,0,0,0,0,0
Realm Royale,70,"Action,Free to Play,Early Access",1,0,0,0,1,1,0,0,0,0,0,0,0,0
Red Faction,80,Action,1,0,0,0,0,0,0,0,0,0,0,0,0,0
Red Faction II,50,"Action,Strategy",1,0,0,0,0,0,0,0,0,0,0,0,1,0
Red Goddess: Inner World,70,"Action,Adventure,Indie",1,1,0,0,0,0,1,0,0,0,0,0,0,0
Redout: Enhanced Edition,65,Racing,0,0,0,0,0,0,0,0,0,1,0,0,0,0
Remember Me,80,"Action,Adventure",1,1,0,0,0,0,0,0,0,0,0,0,0,0
Remothered: Tormented Fathers,70,"Action,Adventure,Indie",1,1,0,0,0,0,1,0,0,0,0,0,0,0
Renegade Ops,80,Action,1,0,0,0,0,0,0,0,0,0,0,0,0,0
Requiem: Avenging Angel,75,Action,1,0,0,0,0,0,0,0,0,0,0,0,0,0
Resident Evil: Operation Raccoon City,60,Action,1,0,0,0,0,0,0,0,0,0,0,0,0,0
Resonance,80,"Adventure,Indie",0,1,0,0,0,0,1,0,0,0,0,0,0,0
Restaurant Empire II,35,"Casual,Indie,Simulation,Strategy",0,0,1,0,0,0,1,0,0,0,1,0,1,0
Return to Mysterious Island,70,"Adventure,Casual",0,1,1,0,0,0,0,0,0,0,0,0,0,0
Retro/Grade,90,"Action,Indie",1,0,0,0,0,0,1,0,0,0,0,0,0,0
Return to Castle Wolfenstein,85,Action,1,0,0,0,0,0,0,0,0,0,0,0,0,0
Return to Krondor,65,RPG,0,0,0,0,0,0,0,0,1,0,0,0,0,0
rFactor,70,"Racing,Simulation,Sports",0,0,0,0,0,0,0,0,0,1,1,1,0,0
RimWorld,90,"Indie,Simulation,Strategy",0,0,0,0,0,0,1,0,0,0,1,0,1,0
Rise of Insanity,60,"Adventure,Indie,Simulation",0,1,0,0,0,0,1,0,0,0,1,0,0,0
Rise of Industry,40,"Indie,Simulation,Strategy",0,0,0,0,0,0,1,0,0,0,1,0,1,0
Rise of the Argonauts,70,RPG,0,0,0,0,0,0,0,0,1,0,0,0,0,0
Risen,85,RPG,0,0,0,0,0,0,0,0,1,0,0,0,0,0
Risen 2: Dark Waters,75,RPG,0,0,0,0,0,0,0,0,1,0,0,0,0,0
Rising Storm 2: Vietnam,75,"Action,Massively Multiplayer,Simulation,Strategy",1,0,0,0,0,0,0,1,0,0,1,0,1,0
Risk,70,"Strategy,Casual",0,0,1,0,0,0,0,0,0,0,0,0,1,0
Risk of Rain,70,"Action,Indie,RPG",1,0,0,0,0,0,1,0,1,0,0,0,0,0
Road Not Taken,75,Indie,0,0,0,0,0,0,1,0,0,0,0,0,0,0
Robin Hood: The Legend of Sherwood,60,Strategy,0,0,0,0,0,0,0,0,0,0,0,0,1,0
Rock of Ages,70,"Action,Indie,Racing,Strategy",1,0,0,0,0,0,1,0,0,1,0,0,1,0
Rocket Knight,45,"Action,Adventure",1,1,0,0,0,0,0,0,0,0,0,0,0,0
Rogue Legacy,80,"Action,Adventure,Indie,RPG",1,1,0,0,0,0,1,0,1,0,0,0,0,0
Rumble Fighter: Unleashed,65,"Action,Free to Play",1,0,0,0,0,1,0,0,0,0,0,0,0,0
Runaway: A Twist of Fate,90,Adventure,0,1,0,0,0,0,0,0,0,0,0,0,0,0
Runes of Magic,70,"Action,Adventure,Free to Play,Massively Multiplayer,RPG",1,1,0,0,0,1,0,1,1,0,0,0,0,0
Rush Bros.,55,"Action,Indie,Racing",1,0,0,0,0,0,1,0,0,1,0,0,0,0
RymdResa,70,"Adventure,Indie,RPG",0,1,0,0,0,0,1,0,1,0,0,0,0,0
Ryse: Son of Rome,55,Action,1,0,0,0,0,0,0,0,0,0,0,0,0,0
S.T.A.L.K.E.R.: Call of Pripyat,90,"Action,RPG",1,0,0,0,0,0,0,0,1,0,0,0,0,0
S.T.A.L.K.E.R.: Shadow of Chernobyl,85,"Action,RPG",1,0,0,0,0,0,0,0,1,0,0,0,0,0
Sacred 3,50,"Action,RPG",1,0,0,0,0,0,0,0,1,0,0,0,0,0
Sacred Citadel,70,Action,1,0,0,0,0,0,0,0,0,0,0,0,0,0
Sacrifice,85,NaN,0,0,0,0,0,0,0,0,0,0,0,0,0,0
Safecracker: The Ultimate Puzzle Adventure,60,"Adventure,Casual",0,1,1,0,0,0,0,0,0,0,0,0,0,0
Saints Row: The Third - The Full Package,75,Action,1,0,0,0,0,0,0,0,0,0,0,0,0,0
Saints Row 2,75,Action,1,0,0,0,0,0,0,0,0,0,0,0,0,0
Saints Row IV,75,"Action,Adventure",1,1,0,0,0,0,0,0,0,0,0,0,0,0
Sam & Max Hit the Road,90,Adventure,0,1,0,0,0,0,0,0,0,0,0,0,0,0
Samorost 2,85,"Adventure,Casual,Indie",0,1,1,0,0,0,1,0,0,0,0,0,0,0
Sanitarium,85,Adventure,0,1,0,0,0,0,0,0,0,0,0,0,0,0
Satellite Reign,65,"Action,Indie,Strategy",1,0,0,0,0,0,1,0,0,0,0,0,1,0
Saw,45,NaN,0,0,0,0,0,0,0,0,0,0,0,0,0,0
Scrabble,70,"Casual,Strategy",0,0,1,0,0,0,0,0,0,0,0,0,1,0
Sea Dogs,70,"Action,RPG",1,0,0,0,0,0,0,0,1,0,0,0,0,0
Marine Park Empire,40,"Casual,Simulation,Strategy",0,0,1,0,0,0,0,0,0,0,1,0,1,0
Seasons after Fall,80,"Adventure,Indie",0,1,0,0,0,0,1,0,0,0,0,0,0,0
Secret Files: Tunguska,70,Adventure,0,1,0,0,0,0,0,0,0,0,0,0,0,0
Secret Files 2: Puritas Cordis,80,Adventure,0,1,0,0,0,0,0,0,0,0,0,0,0,0
Secret Files 3,70,Adventure,0,1,0,0,0,0,0,0,0,0,0,0,0,0
Secrets of RÃ¦tikon,75,"Action,Adventure,Indie",1,1,0,0,0,0,1,0,0,0,0,0,0,0
Serious Sam HD: The First Encounter,75,"Action,Indie",1,0,0,0,0,0,1,0,0,0,0,0,0,0
Serious Sam HD: The Second Encounter,75,"Action,Indie",1,0,0,0,0,0,1,0,0,0,0,0,0,0
Seven: Enhanced Edition,60,"Action,Adventure,Indie,RPG",1,1,0,0,0,0,1,0,1,0,0,0,0,0
Shad'O,65,"Action,Indie,Strategy",1,0,0,0,0,0,1,0,0,0,0,0,1,0
Shadow Man,95,Action,1,0,0,0,0,0,0,0,0,0,0,0,0,0
Call of Cthulhu: Shadow of the Comet,80,Adventure,0,1,0,0,0,0,0,0,0,0,0,0,0,0
Shadow Ops: Red Mercury,50,Action,1,0,0,0,0,0,0,0,0,0,0,0,0,0
Shadow Warrior,75,"Action,Adventure",1,1,0,0,0,0,0,0,0,0,0,0,0,0
Shadow Warrior,80,"Action,Adventure",1,1,0,0,0,0,0,0,0,0,0,0,0,0
Shadow Warrior 2,75,"Action,Adventure",1,1,0,0,0,0,0,0,0,0,0,0,0,0
Shadowgate,70,"Adventure,Indie",0,1,0,0,0,0,1,0,0,0,0,0,0,0
Shadowgrounds,60,Action,1,0,0,0,0,0,0,0,0,0,0,0,0,0
Shadowrun Returns,75,"Adventure,Indie,RPG,Strategy",0,1,0,0,0,0,1,0,1,0,0,0,1,0
Shank 2,80,"Action,Adventure,Indie",1,1,0,0,0,0,1,0,0,0,0,0,0,0
Shardlight,70,"Adventure,Indie,RPG",0,1,0,0,0,0,1,0,1,0,0,0,0,0
Shatter,80,"Action,Indie",1,0,0,0,0,0,1,0,0,0,0,0,0,0
Shattered Union,30,Strategy,0,0,0,0,0,0,0,0,0,0,0,0,1,0
Shelter,45,"Adventure,Indie",0,1,0,0,0,0,1,0,0,0,0,0,0,0
Ship Simulator Extremes,40,Simulation,0,0,0,0,0,0,0,0,0,0,1,0,0,0
Shogo: Mobile Armor Division,90,"Action,Adventure,Strategy",1,1,0,0,0,0,0,0,0,0,0,0,1,0
Sid Meier's Pirates!,85,RPG,0,0,0,0,0,0,0,0,1,0,0,0,0,0
Sid Meier's Railroads!,60,Strategy,0,0,0,0,0,0,0,0,0,0,0,0,1,0
Sid Meier's Starships,60,Strategy,0,0,0,0,0,0,0,0,0,0,0,0,1,0
Silver,90,"Action,RPG",1,0,0,0,0,0,0,0,1,0,0,0,0,0
Sine Mora,85,"Action,Indie",1,0,0,0,0,0,1,0,0,0,0,0,0,0
Sleeping Dogs,80,"Action,Adventure",1,1,0,0,0,0,0,0,0,0,0,0,0,0
Sleeping Dogs: Nightmare in North Point,65,"Action,Adventure",1,1,0,0,0,0,0,0,0,0,0,0,0,0
Slender: The Arrival,70,"Action,Adventure,Indie",1,1,0,0,0,0,1,0,0,0,0,0,0,0
Snapshot,75,"Adventure,Casual,Indie",0,1,1,0,0,0,1,0,0,0,0,0,0,0
Sniper: Ghost Warrior 2,50,Action,1,0,0,0,0,0,0,0,0,0,0,0,0,0
Sniper Elite,65,Action,1,0,0,0,0,0,0,0,0,0,0,0,0,0
Sniper Elite: Nazi Zombie Army,55,Action,1,0,0,0,0,0,0,0,0,0,0,0,0,0
Sniper Elite V2,70,Action,1,0,0,0,0,0,0,0,0,0,0,0,0,0
Snuggle Truck,80,"Casual,Indie,Racing",0,0,1,0,0,0,1,0,0,1,0,0,0,0
Soldiers: Heroes of World War II,75,Strategy,0,0,0,0,0,0,0,0,0,0,0,0,1,0
Soulbringer,75,RPG,0,0,0,0,0,0,0,0,1,0,0,0,0,0
Space Empires V,60,Strategy,0,0,0,0,0,0,0,0,0,0,0,0,1,0
Space Hack,50,"Action,Indie,RPG",1,0,0,0,0,0,1,0,1,0,0,0,0,0
Space Hulk: Deathwing,65,"Action,Adventure",1,1,0,0,0,0,0,0,0,0,0,0,0,0
Space Run Galaxy,65,"Indie,Strategy",0,0,0,0,0,0,1,0,0,0,0,0,1,0
SpaceChem,85,"Indie,Simulation",0,0,0,0,0,0,1,0,0,0,1,0,0,0
Spec Ops: The Line,80,"Action,Adventure",1,1,0,0,0,0,0,0,0,0,0,0,0,0
Spelunky,85,Indie,0,0,0,0,0,0,1,0,0,0,0,0,0,0
Spelunky,80,Indie,0,0,0,0,0,0,1,0,0,0,0,0,0,0
Splice,80,"Indie,Casual",0,0,1,0,0,0,1,0,0,0,0,0,0,0
Split/Second,80,"Action,Racing",1,0,0,0,0,0,0,0,0,1,0,0,0,0
SpyParty,75,"Action,Indie,Simulation,Strategy,Early Access",1,0,0,0,1,0,1,0,0,0,1,0,1,0
Stairs,70,"Action,Adventure,Indie",1,1,0,0,0,0,1,0,0,0,0,0,0,0
Star Trek Online,80,"Free to Play,Massively Multiplayer,RPG",0,0,0,0,0,1,0,1,1,0,0,0,0,0
Star Wolves,70,"RPG,Strategy",0,0,0,0,0,0,0,0,1,0,0,0,1,0
Starblast,70,"Action,Casual,Indie,Massively Multiplayer",1,0,1,0,0,0,1,1,0,0,0,0,0,0
Starbound,90,"Action,Adventure,Casual,Indie,RPG",1,1,1,0,0,0,1,0,1,0,0,0,0,0
Stardew Valley,90,"Indie,RPG,Simulation",0,0,0,0,0,0,1,0,1,0,1,0,0,0
Startopia,80,Simulation,0,0,0,0,0,0,0,0,0,0,1,0,0,0
State of Decay,70,"Action,RPG,Simulation",1,0,0,0,0,0,0,0,1,0,1,0,0,0
Steel Storm: Burning Retribution,55,"Action,Indie",1,0,0,0,0,0,1,0,0,0,0,0,0,0
Still Life,75,Adventure,0,1,0,0,0,0,0,0,0,0,0,0,0,0
Still Life 2,65,Adventure,0,1,0,0,0,0,0,0,0,0,0,0,0,0
Stories Untold,65,"Adventure,Indie",0,1,0,0,0,0,1,0,0,0,0,0,0,0
Strange Brigade,60,"Action,Adventure",1,1,0,0,0,0,0,0,0,0,0,0,0,0
Strata,70,"Casual,Indie,Strategy",0,0,1,0,0,0,1,0,0,0,0,0,1,0
Strike Suit Zero,70,"Action,Indie,Simulation",1,0,0,0,0,0,1,0,0,0,1,0,0,0
Strike Vector,85,"Action,Indie",1,0,0,0,0,0,1,0,0,0,0,0,0,0
Stronghold Kingdoms,60,"Free to Play,Massively Multiplayer,Strategy",0,0,0,0,0,1,0,1,0,0,0,0,1,0
Styx: Master of Shadows,80,Action,1,0,0,0,0,0,0,0,0,0,0,0,0,0
Subnautica,85,"Adventure,Indie",0,1,0,0,0,0,1,0,0,0,0,0,0,0
Sudeki,55,"Action,Adventure,RPG",1,1,0,0,0,0,0,0,1,0,0,0,0,0
Summoner,70,"Action,RPG",1,0,0,0,0,0,0,0,1,0,0,0,0,0
Super Hexagon,85,"Action,Indie",1,0,0,0,0,0,1,0,0,0,0,0,0,0
Super Meat Boy,85,Indie,0,0,0,0,0,0,1,0,0,0,0,0,0,0
Supreme Commander,80,Strategy,0,0,0,0,0,0,0,0,0,0,0,0,1,0
Supreme Commander: Forged Alliance,85,Strategy,0,0,0,0,0,0,0,0,0,0,0,0,1,0
Supreme Commander 2,80,Strategy,0,0,0,0,0,0,0,0,0,0,0,0,1,0
Sword of the Stars: The Pit,65,"Casual,Indie,RPG,Strategy",0,0,1,0,0,0,1,0,1,0,0,0,1,0
Syberia,85,"Adventure,Casual",0,1,1,0,0,0,0,0,0,0,0,0,0,0
Syberia 3,65,Adventure,0,1,0,0,0,0,0,0,0,0,0,0,0,0
Syberia II,85,Adventure,0,1,0,0,0,0,0,0,0,0,0,0,0,0
Symphony,80,"Action,Casual,Indie",1,0,1,0,0,0,1,0,0,0,0,0,0,0
System Shock 2,90,"Action,RPG",1,0,0,0,0,0,0,0,1,0,0,0,0,0
Take On Helicopters,70,Simulation,0,0,0,0,0,0,0,0,0,0,1,0,0,0
Taxi,20,"Indie,Simulation",0,0,0,0,0,0,1,0,0,0,1,0,0,0
Taxi,20,Casual,0,0,1,0,0,0,0,0,0,0,0,0,0,0
Team Fortress 2,85,"Action,Free to Play",1,0,0,0,0,1,0,0,0,0,0,0,0,0
Templar Battleforce,75,"Action,Indie,RPG,Strategy",1,0,0,0,0,0,1,0,1,0,0,0,1,0
Tennis Elbow 2013,75,"Simulation,Sports",0,0,0,0,0,0,0,0,0,0,1,1,0,0
TERA,80,"Action,Adventure,Free to Play,Massively Multiplayer,RPG",1,1,0,0,0,1,0,1,1,0,0,0,0,0
Terraria,80,"Action,Adventure,Indie,RPG",1,1,0,0,0,0,1,0,1,0,0,0,0,0
Tesla Effect: A Tex Murphy Adventure,75,"Adventure,Indie",0,1,0,0,0,0,1,0,0,0,0,0,0,0
Teslagrad,85,Indie,0,0,0,0,0,0,1,0,0,0,0,0,0,0
Tetrobot and Co.,80,"Casual,Indie",0,0,1,0,0,0,1,0,0,0,0,0,0,0
The Baconing,65,"Action,Adventure,RPG",1,1,0,0,0,0,0,0,1,0,0,0,0,0
The Banner Saga,80,"Indie,RPG,Strategy",0,0,0,0,0,0,1,0,1,0,0,0,1,0
The Bard's Tale,70,"Action,Adventure,RPG",1,1,0,0,0,0,0,0,1,0,0,0,0,0
The Binding of Isaac,70,"Action,Adventure,Indie,RPG",1,1,0,0,0,0,1,0,1,0,0,0,0,0
The Binding of Isaac: Rebirth,85,Action,1,0,0,0,0,0,0,0,0,0,0,0,0,0
The Blackwell Legacy,65,"Adventure,Indie",0,1,0,0,0,0,1,0,0,0,0,0,0,0
The Book of Unwritten Tales,80,Adventure,0,1,0,0,0,0,0,0,0,0,0,0,0,0
The Bridge,75,"Casual,Indie,Strategy",0,0,1,0,0,0,1,0,0,0,0,0,1,0
The Bureau: XCOM Declassified,70,Action,1,0,0,0,0,0,0,0,0,0,0,0,0,0
The Cat Lady,85,"Adventure,Indie",0,1,0,0,0,0,1,0,0,0,0,0,0,0
The Cave,75,Adventure,0,1,0,0,0,0,0,0,0,0,0,0,0,0
Tropico 4: The Academy,50,"Simulation,Strategy",0,0,0,0,0,0,0,0,0,0,1,0,1,0
The Curse of Monkey Island,80,Adventure,0,1,0,0,0,0,0,0,0,0,0,0,0,0
The Darkness II,75,Action,1,0,0,0,0,0,0,0,0,0,0,0,0,0
The Elder Scrolls V: Skyrim VR,80,RPG,0,0,0,0,0,0,0,0,1,0,0,0,0,0
The Escapists: The Walking Dead,70,"Indie,Strategy",0,0,0,0,0,0,1,0,0,0,0,0,1,0
The Evil Within,80,Action,1,0,0,0,0,0,0,0,0,0,0,0,0,0
The Floor is Jelly,65,Indie,0,0,0,0,0,0,1,0,0,0,0,0,0,0
The Great Art Race,40,"Simulation,Strategy",0,0,0,0,0,0,0,0,0,0,1,0,1,0
The Incredible Adventures of Van Helsing,80,"Action,Adventure,Indie,RPG",1,1,0,0,0,0,1,0,1,0,0,0,0,0
The Incredible Adventures of Van Helsing II,80,"Action,Adventure,Indie,RPG",1,1,0,0,0,0,1,0,1,0,0,0,0,0
The Legend of Heroes: Trails in the Sky,85,RPG,0,0,0,0,0,0,0,0,1,0,0,0,0,0
The Longest Journey,75,"Action,Adventure,RPG",1,1,0,0,0,0,0,0,1,0,0,0,0,0
The Mage's Tale,80,"Action,RPG",1,0,0,0,0,0,0,0,1,0,0,0,0,0
The Masterplan,65,"Action,Indie,Strategy",1,0,0,0,0,0,1,0,0,0,0,0,1,0
The Maw,70,"Action,Indie",1,0,0,0,0,0,1,0,0,0,0,0,0,0
The Moment of Silence,70,"Adventure,Indie",0,1,0,0,0,0,1,0,0,0,0,0,0,0
The Mystery of the Druids,70,Adventure,0,1,0,0,0,0,0,0,0,0,0,0,0,0
The Next BIG Thing,80,Adventure,0,1,0,0,0,0,0,0,0,0,0,0,0,0
The Night of the Rabbit,65,"Adventure,Indie",0,1,0,0,0,0,1,0,0,0,0,0,0,0
Omikron: The Nomad Soul,80,RPG,0,0,0,0,0,0,0,0,1,0,0,0,0,0
The Norwood Suite,60,"Adventure,Casual,Indie",0,1,1,0,0,0,1,0,0,0,0,0,0,0
The Novelist,65,"Adventure,Casual,Indie",0,1,1,0,0,0,1,0,0,0,0,0,0,0
The Park,35,Adventure,0,1,0,0,0,0,0,0,0,0,0,0,0,0
The Path,80,"Adventure,Indie",0,1,0,0,0,0,1,0,0,0,0,0,0,0
The Piano,35,"Action,Adventure,Indie",1,1,0,0,0,0,1,0,0,0,0,0,0,0
The Red Strings Club,70,"Adventure,Indie",0,1,0,0,0,0,1,0,0,0,0,0,0,0
The Secret of Monkey Island: Special Edition,85,Adventure,0,1,0,0,0,0,0,0,0,0,0,0,0,0
The Solus Project,70,"Adventure,Indie,Simulation",0,1,0,0,0,0,1,0,0,0,1,0,0,0
The Spiral Scouts,75,"Adventure,Indie",0,1,0,0,0,0,1,0,0,0,0,0,0,0
The Stalin Subway,25,Action,1,0,0,0,0,0,0,0,0,0,0,0,0,0
The Stanley Parable,90,"Adventure,Indie",0,1,0,0,0,0,1,0,0,0,0,0,0,0
The Swapper,85,"Action,Adventure,Indie",1,1,0,0,0,0,1,0,0,0,0,0,0,0
The Swindle,75,"Action,Indie,RPG",1,0,0,0,0,0,1,0,1,0,0,0,0,0
The Tiny Bang Story,70,"Adventure,Casual,Indie",0,1,1,0,0,0,1,0,0,0,0,0,0,0
The UnderGarden,70,Casual,0,0,1,0,0,0,0,0,0,0,0,0,0,0
The Vanishing of Ethan Carter,80,"Adventure,Indie",0,1,0,0,0,0,1,0,0,0,0,0,0,0
The Void,80,"Action,Adventure",1,1,0,0,0,0,0,0,0,0,0,0,0,0
The Watchmaker,60,"Action,Adventure,Indie",1,1,0,0,0,0,1,0,0,0,0,0,0,0
Theatre of War,70,Strategy,0,0,0,0,0,0,0,0,0,0,0,0,1,0
They Bleed Pixels,80,"Action,Indie",1,0,0,0,0,0,1,0,0,0,0,0,0,0
Thief,50,"Action,Adventure",1,1,0,0,0,0,0,0,0,0,0,0,0,0
Thief Simulator,65,"Action,Adventure,Indie,Simulation",1,1,0,0,0,0,1,0,0,0,1,0,0,0
This Is the Police,70,"Adventure,Indie,Strategy",0,1,0,0,0,0,1,0,0,0,0,0,1,0
This War of Mine,85,"Adventure,Indie,Simulation",0,1,0,0,0,0,1,0,0,0,1,0,0,0
Tinertia,80,"Action,Indie",1,0,0,0,0,0,1,0,0,0,0,0,0,0
Tiny Thor,70,"Action,Indie",1,0,0,0,0,0,1,0,0,0,0,0,0,0
Tiny Brains,65,"Action,Adventure,Casual,Indie",1,1,1,0,0,0,1,0,0,0,0,0,0,0
To the Moon,80,"Adventure,Indie,RPG",0,1,0,0,0,0,1,0,1,0,0,0,0,0
Tomb Raider,90,"Action,Adventure",1,1,0,0,0,0,0,0,0,0,0,0,0,0
Tomb Raider,90,"Action,Adventure",1,1,0,0,0,0,0,0,0,0,0,0,0,0
Tomb Raider II,85,"Action,Adventure",1,1,0,0,0,0,0,0,0,0,0,0,0,0
Tomb Raider: Underworld,75,"Action,Adventure",1,1,0,0,0,0,0,0,0,0,0,0,0,0
Tony Tough and the Night of Roasted Moths,80,"Adventure,Casual",0,1,1,0,0,0,0,0,0,0,0,0,0,0
Torchlight II,85,"Action,Adventure,Indie,RPG",1,1,0,0,0,0,1,0,1,0,0,0,0,0
Total Annihilation,80,Strategy,0,0,0,0,0,0,0,0,0,0,0,0,1,0
Tower of Guns,85,"Action,Indie",1,0,0,0,0,0,1,0,0,0,0,0,0,0
Train Fever,65,"Casual,Indie,Simulation",0,0,1,0,0,0,1,0,0,0,1,0,0,0
Transcripted,85,"Action,Casual,Indie",1,0,1,0,0,0,1,0,0,0,0,0,0,0
Transistor,75,"Action,Indie,RPG",1,0,0,0,0,0,1,0,1,0,0,0,0,0
TransOcean: The Shipping Company,65,"Casual,Simulation,Strategy",0,0,1,0,0,0,0,0,0,0,1,0,1,0
Trauma,65,"Adventure,Indie,Casual",0,1,1,0,0,0,1,0,0,0,0,0,0,0
Trine 3: The Artifacts of Power,90,"Action,Adventure,Indie",1,1,0,0,0,0,1,0,0,0,0,0,0,0
TRON 2.0,85,Action,1,0,0,0,0,0,0,0,0,0,0,0,0,0
Tropico 3,80,"Simulation,Strategy",0,0,0,0,0,0,0,0,0,0,1,0,1,0
Tropico 3: Absolute Power,80,"Simulation,Strategy",0,0,0,0,0,0,0,0,0,0,1,0,1,0
Tropico 4,80,"Simulation,Strategy",0,0,0,0,0,0,0,0,0,0,1,0,1,0
Tropico 6,70,"Simulation,Strategy",0,0,0,0,0,0,0,0,0,0,1,0,1,0
Trove,80,"Action,Adventure,Casual,Free to Play,Massively Multiplayer,RPG",1,1,1,0,0,1,0,1,1,0,0,0,0,0
Turok,40,"Action,Adventure",1,1,0,0,0,0,0,0,0,0,0,0,0,0
Turok 2: Seeds of Evil,70,"Action,Adventure",1,1,0,0,0,0,0,0,0,0,0,0,0,0
Twin Sector,40,"Action,Adventure",1,1,0,0,0,0,0,0,0,0,0,0,0,0
Two Point Hospital,90,"Indie,Simulation",0,0,0,0,0,0,1,0,0,0,1,0,0,0
Two Point Hospital: Bigfoot,80,"Indie,Simulation",0,0,0,0,0,0,1,0,0,0,1,0,0,0
Tycoon City: New York,30,Simulation,0,0,0,0,0,0,0,0,0,0,1,0,0,0
Tzar: The Burden of the Crown,75,Strategy,0,0,0,0,0,0,0,0,0,0,0,0,1,0
UFO: Afterlight,70,"Indie,Strategy",0,0,0,0,0,0,1,0,0,0,0,0,1,0
UFO: Aftermath,75,Strategy,0,0,0,0,0,0,0,0,0,0,0,0,1,0
X-COM: UFO Defense,90,Strategy,0,0,0,0,0,0,0,0,0,0,0,0,1,0
Undertale,80,"Indie,RPG",0,0,0,0,0,0,1,0,1,0,0,0,0,0
Underworld Ascendant,20,"Action,Adventure,Indie,RPG",1,1,0,0,0,0,1,0,1,0,0,0,0,0
Unmechanical,75,"Adventure,Casual,Indie",0,1,1,0,0,0,1,0,0,0,0,0,0,0
Urban Chaos,80,Action,1,0,0,0,0,0,0,0,0,0,0,0,0,0
Urban Empire,60,"Simulation,Strategy",0,0,0,0,0,0,0,0,0,0,1,0,1,0
Valdis Story: Abyssal City,90,"Action,Indie,RPG",1,0,0,0,0,0,1,0,1,0,0,0,0,0
Vampire: The Masquerade - Redemption,70,RPG,0,0,0,0,0,0,0,0,1,0,0,0,0,0
Vampire: The Masquerade - Bloodlines,80,Action,1,0,0,0,0,0,0,0,0,0,0,0,0,0
Vampyr,75,"Action,RPG",1,0,0,0,0,0,0,0,1,0,0,0,0,0
Vanquish,90,Action,1,0,0,0,0,0,0,0,0,0,0,0,0,0
Vaporum,75,"Action,Adventure,Indie,RPG",1,1,0,0,0,0,1,0,1,0,0,0,0,0
Vessel,70,"Action,Indie,Strategy",1,0,0,0,0,0,1,0,0,0,0,0,1,0
Victoria II,80,Strategy,0,0,0,0,0,0,0,0,0,0,0,0,1,0
Vietcong,80,"Action,Early Access",1,0,0,0,1,0,0,0,0,0,0,0,0,0
Vindictus,70,"Action,Adventure,Free to Play,Massively Multiplayer,RPG",1,1,0,0,0,1,0,1,1,0,0,0,0,0
VR Invaders,55,Action,1,0,0,0,0,0,0,0,0,0,0,0,0,0
VVVVVV,80,"Action,Indie",1,0,0,0,0,0,1,0,0,0,0,0,0,0
Wanted Corp.,45,Action,1,0,0,0,0,0,0,0,0,0,0,0,0,0
War Rock,25,"Action,Casual,Free to Play,Massively Multiplayer",1,0,1,0,0,1,0,1,0,0,0,0,0,0
War Thunder,80,"Action,Free to Play,Massively Multiplayer,Simulation",1,0,0,0,0,1,0,1,0,0,1,0,0,0
Warface,60,"Action,Free to Play,Massively Multiplayer",1,0,0,0,0,1,0,1,0,0,0,0,0,0
Warfare,60,Strategy,0,0,0,0,0,0,0,0,0,0,0,0,1,0
Warframe,70,"Action,Free to Play",1,0,0,0,0,1,0,0,0,0,0,0,0,0
Wargame: European Escalation,80,Strategy,0,0,0,0,0,0,0,0,0,0,0,0,1,0
Wargame: Red Dragon,75,Strategy,0,0,0,0,0,0,0,0,0,0,0,0,1,0
"Warhammer 40,000: Gladius - Relics of War",70,Strategy,0,0,0,0,0,0,0,0,0,0,0,0,1,0
"Warhammer 40,000: Armageddon",70,Strategy,0,0,0,0,0,0,0,0,0,0,0,0,1,0
"Warhammer 40,000: Dawn of War II",90,Strategy,0,0,0,0,0,0,0,0,0,0,0,0,1,0
"Warhammer 40,000: Dawn of War III",80,"Action,Simulation,Strategy",1,0,0,0,0,0,0,0,0,0,1,0,1,0
"Warhammer 40,000: Eternal Crusade",55,"Action,Adventure,Free to Play,Massively Multiplayer",1,1,0,0,0,1,0,1,0,0,0,0,0,0
"Warhammer 40,000: Space Marine",60,Action,1,0,0,0,0,0,0,0,0,0,0,0,0,0
Warrior Kings,50,Strategy,0,0,0,0,0,0,0,0,0,0,0,0,1,0
Warrior Kings: Battles,65,Strategy,0,0,0,0,0,0,0,0,0,0,0,0,1,0
Wasteland Angel,55,"Action,Indie",1,0,0,0,0,0,1,0,0,0,0,0,0,0
Final Approach,50,"Action,Casual,Indie,Simulation,Strategy",1,0,1,0,0,0,1,0,0,0,1,0,1,0
Waves,75,"Action,Casual,Indie",1,0,1,0,0,0,1,0,0,0,0,0,0,0
We Happy Few,70,"Action,Adventure,Indie",1,1,0,0,0,0,1,0,0,0,0,0,0,0
We. The Revolution,80,Strategy,0,0,0,0,0,0,0,0,0,0,0,0,1,0
Wildlife Park,45,"Casual,Indie,Simulation,Strategy",0,0,1,0,0,0,1,0,0,0,1,0,1,0
Wildlife Park 2,50,"Casual,Indie,Simulation,Strategy",0,0,1,0,0,0,1,0,0,0,1,0,1,0
Wildlife Park 3,65,"Casual,Indie,Simulation,Strategy",0,0,1,0,0,0,1,0,0,0,1,0,1,0
Echelon: Wind Warriors,60,"Action,Simulation",1,0,0,0,0,0,0,0,0,0,1,0,0,0
Wizorb,60,"Action,Adventure,Indie",1,1,0,0,0,0,1,0,0,0,0,0,0,0
Wolfenstein: The New Order,80,Action,1,0,0,0,0,0,0,0,0,0,0,0,0,0
Wolfenstein 3D,90,Action,1,0,0,0,0,0,0,0,0,0,0,0,0,0
Wooden Sen'SeY,70,"Action,Indie",1,0,0,0,0,0,1,0,0,0,0,0,0,0
World of Goo,90,Indie,0,0,0,0,0,0,1,0,0,0,0,0,0,0
World of Warplanes,70,"Action,Free to Play,Massively Multiplayer,Simulation,Early Access",1,0,0,0,1,1,0,1,0,0,1,0,0,0
World of Warplanes,60,"Action,Free to Play,Massively Multiplayer,Simulation,Early Access",1,0,0,0,1,1,0,1,0,0,1,0,0,0
World of Warships,75,"Action,Free to Play,Massively Multiplayer,Simulation",1,0,0,0,0,1,0,1,0,0,1,0,0,0
World War III: Black Gold,65,Strategy,0,0,0,0,0,0,0,0,0,0,0,0,1,0
Worlds,70,"Action,Adventure,Indie",1,1,0,0,0,0,1,0,0,0,0,0,0,0
Worms,75,Strategy,0,0,0,0,0,0,0,0,0,0,0,0,1,0
Worms Blast,75,"Casual,Strategy",0,0,1,0,0,0,0,0,0,0,0,0,1,0
Worms Crazy Golf,50,"Sports,Strategy",0,0,0,0,0,0,0,0,0,0,0,1,1,0
Worms Revolution,85,Strategy,0,0,0,0,0,0,0,0,0,0,0,0,1,0
Wreckfest,85,"Action,Indie,Racing,Simulation,Sports",1,0,0,0,0,0,1,0,0,1,1,1,0,0
WWE 2K17,65,"Simulation,Sports",0,0,0,0,0,0,0,0,0,0,1,1,0,0
X-Blades,45,"Action,Adventure,RPG",1,1,0,0,0,0,0,0,1,0,0,0,0,0
XCOM: Enemy Unknown,85,Strategy,0,0,0,0,0,0,0,0,0,0,0,0,1,0
XCOM: Enemy Within,80,Strategy,0,0,0,0,0,0,0,0,0,0,0,0,1,0
Xenonauts,75,"Indie,Simulation,Strategy",0,0,0,0,0,0,1,0,0,0,1,0,1,0
Xpand Rally Xtreme,55,Racing,0,0,0,0,0,0,0,0,0,1,0,0,0,0
Year Walk,85,"Adventure,Indie",0,1,0,0,0,0,1,0,0,0,0,0,0,0
Yesterday,70,Adventure,0,1,0,0,0,0,0,0,0,0,0,0,0,0
Ys: The Oath in Felghana,75,"Action,Adventure,RPG",1,1,0,0,0,0,0,0,1,0,0,0,0,0
Z,85,"Action,Strategy",1,0,0,0,0,0,0,0,0,0,0,0,1,0
Zak McKracken and the Alien Mindbenders,90,Adventure,0,1,0,0,0,0,0,0,0,0,0,0,0,0
Zen Bound 2,80,"Indie,Casual",0,0,1,0,0,0,1,0,0,0,0,0,0,0
Zeno Clash,70,"Action,Indie",1,0,0,0,0,0,1,0,0,0,0,0,0,0
Zoo Empire,50,"Casual,Simulation,Strategy",0,0,1,0,0,0,0,0,0,0,1,0,1,0
Zork Nemesis: The Forbidden Lands,80,Adventure,0,1,0,0,0,0,0,0,0,0,0,0,0,0